"user_id","store_city","order_total","order_size","store_id","price_drink","placed_order_time_utc_day","placed_order_time_utc","finished_prep_time_utc","order_picked_up_time_utc","day_of_the_week","refund_total","rating","account_created","order_prep_time"
2178,"city B",26,1,"bjdwe",26,"Sunday",20:00:00,20:13:00,21:10:00,"Sunday",7,5,2021,00:13:00
9589,"city A",16,1,"acjde",16,"Monday",01:49:00,02:03:00,02:41:00,"Monday",10,4,2022,00:14:00
31,"city B",30,2,"bjdwe",15,"Sunday",03:23:00,03:43:00,05:28:00,"Sunday",3,2,2022,00:20:00
10342,"city C",29,2,"wehqk",14.5,"Saturday",02:49:00,03:00:00,04:58:00,"Saturday",0,5,2020,00:11:00
1901,"city B",27,2,"bjdwe",13.5,"Thursday",23:02:00,23:17:00,00:57:00,"Thursday",4,4,2021,00:15:00
53502,"city A",27,2,"acjde",13.5,"Saturday",02:52:00,03:12:00,03:37:00,"Saturday",5,2,2021,00:20:00
67988,"city C",26,2,"wehqk",13,"Wednesday",02:02:00,02:20:00,02:41:00,"Wednesday",0,2,2021,00:18:00
24920,"city C",24,2,"wehqk",12,"Friday",03:17:00,03:29:00,05:12:00,"Friday",0,1,2020,00:12:00
156835,"city B",24,2,"bjdwe",12,"Wednesday",04:36:00,04:48:00,06:26:00,"Wednesday",2,4,2022,00:12:00
25785,"city C",59.9,5,"wehqk",12,"Wednesday",01:38:00,01:52:00,03:33:00,"Wednesday",0,2,2019,00:14:00
7112,"city A",12,1,"acjde",12,"Friday",20:03:00,20:14:00,21:27:00,"Friday",11,5,2020,00:11:00
76264,"city B",12,1,"bjdwe",12,"Monday",02:50:00,03:01:00,03:28:00,"Monday",5,3,2022,00:11:00
93902,"city B",35.9,3,"bjdwe",12,"Sunday",04:19:00,04:32:00,04:36:00,"Sunday",4,5,2019,00:13:00
3009,"city B",47.8,4,"bjdwe",11.9,"Saturday",03:39:00,03:56:00,04:24:00,"Saturday",10,2,2020,00:17:00
3213,"city B",47.8,4,"bjdwe",11.9,"Sunday",20:51:00,21:09:00,22:33:00,"Sunday",3,0,2021,00:18:00
3201,"city B",11.9,1,"bjdwe",11.9,"Monday",03:31:00,03:46:00,04:51:00,"Monday",8,3,2020,00:15:00
93868,"city A",11.9,1,"acjde",11.9,"Sunday",20:18:00,20:31:00,22:31:00,"Sunday",9,4,2019,00:13:00
6711,"city B",59.3,5,"bjdwe",11.9,"Wednesday",01:17:00,01:37:00,01:59:00,"Wednesday",5,5,2020,00:20:00
555,"city A",59,5,"acjde",11.8,"Sunday",02:28:00,02:45:00,03:45:00,"Sunday",6,2,2021,00:17:00
78887,"city A",59,5,"acjde",11.8,"Saturday",02:47:00,03:00:00,03:04:00,"Saturday",9,3,2020,00:13:00
8703,"city A",59,5,"acjde",11.8,"Tuesday",20:50:00,21:03:00,22:50:00,"Tuesday",4,5,2021,00:13:00
68267,"city B",59,5,"bjdwe",11.8,"Saturday",20:06:00,20:26:00,21:10:00,"Saturday",1,0,2020,00:20:00
1719,"city A",11.8,1,"acjde",11.8,"Tuesday",04:22:00,04:35:00,06:06:00,"Tuesday",9,4,2019,00:13:00
45711,"city A",11.8,1,"acjde",11.8,"Thursday",02:54:00,03:06:00,03:40:00,"Thursday",4,3,2021,00:12:00
101672,"city B",58.8,5,"bjdwe",11.8,"Thursday",02:15:00,02:34:00,03:33:00,"Thursday",1,2,2019,00:19:00
16060,"city A",58.8,5,"acjde",11.8,"Saturday",02:15:00,02:35:00,03:08:00,"Saturday",1,0,2021,00:20:00
9110,"city C",23.5,2,"wehqk",11.8,"Friday",18:50:00,19:06:00,20:31:00,"Friday",7,2,2019,00:16:00
86243,"city A",23.5,2,"acjde",11.8,"Saturday",19:29:00,19:43:00,20:05:00,"Saturday",10,3,2022,00:14:00
4187,"city C",23.5,2,"wehqk",11.8,"Friday",03:34:00,03:50:00,05:07:00,"Friday",7,4,2021,00:16:00
60094,"city C",23.4,2,"wehqk",11.7,"Monday",03:10:00,03:29:00,04:09:00,"Monday",9,0,2020,00:19:00
79156,"city A",23.4,2,"acjde",11.7,"Sunday",23:43:00,23:56:00,01:42:00,"Sunday",2,4,2022,00:13:00
54477,"city C",23.4,2,"wehqk",11.7,"Friday",23:19:00,23:34:00,01:15:00,"Friday",9,0,2021,00:15:00
197628,"city A",69.9,6,"acjde",11.7,"Friday",02:09:00,02:25:00,04:18:00,"Friday",7,0,2019,00:16:00
79146,"city B",23.2,2,"bjdwe",11.6,"Friday",02:57:00,03:08:00,04:29:00,"Friday",5,5,2020,00:11:00
100052,"city C",23.2,2,"wehqk",11.6,"Saturday",20:46:00,20:58:00,22:15:00,"Saturday",8,1,2022,00:12:00
61738,"city A",11.6,1,"acjde",11.6,"Monday",02:47:00,03:03:00,04:58:00,"Monday",8,1,2022,00:16:00
85535,"city C",11.6,1,"wehqk",11.6,"Saturday",01:08:00,01:26:00,01:30:00,"Saturday",3,1,2022,00:18:00
26789,"city C",34.6,3,"wehqk",11.5,"Sunday",18:47:00,18:58:00,20:04:00,"Sunday",6,5,2019,00:11:00
103300,"city B",23,2,"bjdwe",11.5,"Sunday",03:25:00,03:37:00,05:31:00,"Sunday",6,5,2020,00:12:00
98888,"city B",57.3,5,"bjdwe",11.5,"Friday",04:28:00,04:43:00,05:50:00,"Friday",4,0,2021,00:15:00
1457,"city C",57.3,5,"wehqk",11.5,"Tuesday",04:20:00,04:40:00,06:28:00,"Tuesday",2,2,2021,00:20:00
78549,"city B",45.8,4,"bjdwe",11.5,"Tuesday",20:20:00,20:32:00,22:15:00,"Tuesday",10,5,2019,00:12:00
114,"city A",45.8,4,"acjde",11.5,"Wednesday",03:02:00,03:15:00,03:21:00,"Wednesday",6,0,2020,00:13:00
9110,"city C",11.4,1,"wehqk",11.4,"Tuesday",02:14:00,02:32:00,03:04:00,"Tuesday",10,0,2019,00:18:00
1388,"city C",11.4,1,"wehqk",11.4,"Sunday",02:23:00,02:38:00,03:57:00,"Sunday",10,3,2021,00:15:00
74371,"city B",11.4,1,"bjdwe",11.4,"Sunday",02:19:00,02:37:00,04:12:00,"Sunday",9,1,2019,00:18:00
13496,"city C",11.4,1,"wehqk",11.4,"Friday",03:36:00,03:52:00,05:36:00,"Friday",6,5,2022,00:16:00
92300,"city A",11.3,1,"acjde",11.3,"Thursday",04:07:00,04:25:00,06:01:00,"Thursday",8,2,2020,00:18:00
14189,"city B",11.3,1,"bjdwe",11.3,"Thursday",20:23:00,20:41:00,22:09:00,"Thursday",2,4,2020,00:18:00
28366,"city C",11.3,1,"wehqk",11.3,"Sunday",04:05:00,04:18:00,06:12:00,"Sunday",10,5,2019,00:13:00
2541,"city C",11.3,1,"wehqk",11.3,"Monday",03:12:00,03:27:00,05:01:00,"Monday",10,1,2019,00:15:00
79156,"city A",11.3,1,"acjde",11.3,"Saturday",04:50:00,05:01:00,06:50:00,"Saturday",7,5,2022,00:11:00
106885,"city C",11.3,1,"wehqk",11.3,"Saturday",20:52:00,21:06:00,22:08:00,"Saturday",4,1,2020,00:14:00
6184,"city B",11.3,1,"bjdwe",11.3,"Monday",19:45:00,19:58:00,20:22:00,"Monday",7,5,2019,00:13:00
25076,"city B",11.3,1,"bjdwe",11.3,"Saturday",02:00:00,02:12:00,02:20:00,"Saturday",10,4,2021,00:12:00
11083,"city C",11.3,1,"wehqk",11.3,"Friday",20:08:00,20:25:00,22:10:00,"Friday",8,1,2021,00:17:00
12511,"city A",11.3,1,"acjde",11.3,"Wednesday",20:33:00,20:46:00,22:25:00,"Wednesday",5,5,2021,00:13:00
19446,"city B",67.5,6,"bjdwe",11.3,"Monday",02:30:00,02:45:00,03:57:00,"Monday",1,4,2020,00:15:00
75010,"city B",45,4,"bjdwe",11.2,"Tuesday",04:29:00,04:42:00,06:14:00,"Tuesday",2,0,2019,00:13:00
68236,"city A",45,4,"acjde",11.2,"Saturday",03:29:00,03:46:00,03:55:00,"Saturday",4,0,2020,00:17:00
28366,"city C",56.2,5,"wehqk",11.2,"Sunday",02:40:00,02:59:00,03:31:00,"Sunday",7,1,2019,00:19:00
1608,"city A",56.2,5,"acjde",11.2,"Monday",19:23:00,19:35:00,20:26:00,"Monday",2,3,2019,00:12:00
9796,"city C",11.2,1,"wehqk",11.2,"Saturday",02:26:00,02:46:00,04:14:00,"Saturday",3,1,2021,00:20:00
91848,"city B",11.2,1,"bjdwe",11.2,"Friday",04:04:00,04:18:00,04:57:00,"Friday",6,4,2019,00:14:00
11324,"city C",11.2,1,"wehqk",11.2,"Wednesday",05:02:00,05:16:00,05:51:00,"Wednesday",5,4,2022,00:14:00
113424,"city B",11.2,1,"bjdwe",11.2,"Friday",02:15:00,02:30:00,03:40:00,"Friday",4,2,2019,00:15:00
190380,"city B",11.2,1,"bjdwe",11.2,"Saturday",19:35:00,19:47:00,21:09:00,"Saturday",7,4,2020,00:12:00
12742,"city C",11.2,1,"wehqk",11.2,"Wednesday",20:20:00,20:38:00,22:20:00,"Wednesday",4,0,2019,00:18:00
190931,"city A",11.2,1,"acjde",11.2,"Friday",20:03:00,20:15:00,20:51:00,"Friday",4,5,2022,00:12:00
34113,"city B",11.2,1,"bjdwe",11.2,"Wednesday",20:15:00,20:31:00,20:37:00,"Wednesday",2,0,2019,00:16:00
8114,"city A",89.2,8,"acjde",11.2,"Thursday",03:39:00,03:59:00,05:57:00,"Thursday",10,0,2019,00:20:00
68187,"city A",22.3,2,"acjde",11.2,"Wednesday",03:45:00,04:02:00,04:50:00,"Wednesday",10,4,2021,00:17:00
33389,"city C",89.2,8,"wehqk",11.2,"Saturday",20:20:00,20:34:00,20:52:00,"Saturday",1,3,2019,00:14:00
75107,"city B",89.2,8,"bjdwe",11.2,"Saturday",18:38:00,18:52:00,20:48:00,"Saturday",4,1,2021,00:14:00
7210,"city A",77.8,7,"acjde",11.1,"Thursday",01:55:00,02:06:00,02:37:00,"Thursday",1,5,2022,00:11:00
4484,"city C",77.8,7,"wehqk",11.1,"Wednesday",03:33:00,03:44:00,04:35:00,"Wednesday",10,4,2020,00:11:00
5189,"city A",22.2,2,"acjde",11.1,"Wednesday",02:18:00,02:33:00,04:29:00,"Wednesday",9,4,2022,00:15:00
106885,"city C",22.2,2,"wehqk",11.1,"Saturday",02:20:00,02:35:00,02:58:00,"Saturday",2,4,2020,00:15:00
192310,"city B",99.2,9,"bjdwe",11,"Monday",22:27:00,22:42:00,00:35:00,"Monday",9,2,2020,00:15:00
13595,"city B",99.2,9,"bjdwe",11,"Monday",18:45:00,19:01:00,19:12:00,"Monday",10,0,2020,00:16:00
3201,"city B",99.2,9,"bjdwe",11,"Monday",03:03:00,03:18:00,04:24:00,"Monday",4,5,2020,00:15:00
106572,"city C",99.2,9,"wehqk",11,"Wednesday",21:57:00,22:08:00,22:18:00,"Wednesday",10,4,2019,00:11:00
28366,"city C",99.2,9,"wehqk",11,"Monday",21:47:00,22:07:00,22:50:00,"Monday",8,1,2019,00:20:00
4432,"city C",99.1,9,"wehqk",11,"Wednesday",02:25:00,02:40:00,03:50:00,"Wednesday",1,4,2020,00:15:00
33920,"city C",99.1,9,"wehqk",11,"Sunday",20:28:00,20:45:00,22:09:00,"Sunday",5,0,2021,00:17:00
5673,"city C",99.1,9,"wehqk",11,"Saturday",02:44:00,03:04:00,03:36:00,"Saturday",9,2,2020,00:20:00
2840,"city C",99.1,9,"wehqk",11,"Saturday",02:34:00,02:49:00,03:45:00,"Saturday",8,4,2019,00:15:00
1634,"city C",99.1,9,"wehqk",11,"Monday",20:16:00,20:30:00,20:57:00,"Monday",4,3,2019,00:14:00
17146,"city B",22,2,"bjdwe",11,"Friday",04:30:00,04:48:00,06:14:00,"Friday",4,4,2022,00:18:00
86464,"city A",87.8,8,"acjde",11,"Friday",02:35:00,02:53:00,03:14:00,"Friday",4,2,2019,00:18:00
75010,"city B",87.8,8,"bjdwe",11,"Wednesday",23:39:00,23:53:00,01:23:00,"Wednesday",6,4,2019,00:14:00
2011,"city B",87.8,8,"bjdwe",11,"Tuesday",18:09:00,18:28:00,18:33:00,"Tuesday",2,0,2022,00:19:00
197636,"city C",21.9,2,"wehqk",11,"Friday",02:36:00,02:52:00,03:20:00,"Friday",10,1,2020,00:16:00
14043,"city C",43.7,4,"wehqk",10.9,"Monday",20:43:00,20:56:00,22:36:00,"Monday",6,4,2022,00:13:00
27736,"city A",43.7,4,"acjde",10.9,"Saturday",20:36:00,20:47:00,22:06:00,"Saturday",5,4,2019,00:11:00
2639,"city C",76.5,7,"wehqk",10.9,"Friday",03:48:00,04:02:00,04:41:00,"Friday",8,3,2022,00:14:00
9350,"city B",76.5,7,"bjdwe",10.9,"Monday",19:29:00,19:44:00,20:36:00,"Monday",10,0,2021,00:15:00
2474,"city A",43.6,4,"acjde",10.9,"Sunday",04:13:00,04:24:00,04:52:00,"Sunday",10,4,2019,00:11:00
6528,"city A",43.6,4,"acjde",10.9,"Friday",20:24:00,20:38:00,21:26:00,"Friday",9,2,2019,00:14:00
8574,"city A",65,6,"acjde",10.8,"Wednesday",01:11:00,01:25:00,02:56:00,"Wednesday",7,0,2019,00:14:00
87244,"city C",43.3,4,"wehqk",10.8,"Wednesday",22:13:00,22:25:00,23:47:00,"Wednesday",4,4,2022,00:12:00
157073,"city B",43.3,4,"bjdwe",10.8,"Sunday",20:21:00,20:34:00,21:01:00,"Sunday",6,1,2019,00:13:00
899,"city C",97.4,9,"wehqk",10.8,"Monday",02:37:00,02:50:00,04:16:00,"Monday",10,5,2022,00:13:00
5210,"city C",97.4,9,"wehqk",10.8,"Friday",23:18:00,23:37:00,01:28:00,"Friday",7,0,2020,00:19:00
1388,"city C",97.4,9,"wehqk",10.8,"Thursday",19:44:00,19:59:00,20:26:00,"Thursday",6,3,2021,00:15:00
90134,"city B",97.4,9,"bjdwe",10.8,"Sunday",18:56:00,19:13:00,20:29:00,"Sunday",9,1,2019,00:17:00
103300,"city B",97.4,9,"bjdwe",10.8,"Wednesday",22:03:00,22:23:00,00:05:00,"Wednesday",5,0,2020,00:20:00
8076,"city B",97.3,9,"bjdwe",10.8,"Saturday",23:35:00,23:51:00,00:21:00,"Saturday",1,1,2019,00:16:00
13975,"city B",97.3,9,"bjdwe",10.8,"Thursday",18:32:00,18:45:00,19:39:00,"Thursday",1,5,2021,00:13:00
88854,"city B",97.3,9,"bjdwe",10.8,"Saturday",04:08:00,04:25:00,05:30:00,"Saturday",8,0,2022,00:17:00
1189,"city A",97.3,9,"acjde",10.8,"Saturday",03:04:00,03:24:00,04:40:00,"Saturday",10,1,2020,00:20:00
8574,"city A",97.3,9,"acjde",10.8,"Friday",20:37:00,20:52:00,21:03:00,"Friday",1,3,2019,00:15:00
3005,"city B",10.8,1,"bjdwe",10.8,"Tuesday",01:53:00,02:07:00,04:04:00,"Tuesday",3,2,2022,00:14:00
66730,"city C",10.8,1,"wehqk",10.8,"Monday",01:39:00,01:51:00,01:55:00,"Monday",9,3,2020,00:12:00
106159,"city B",10.8,1,"bjdwe",10.8,"Wednesday",01:19:00,01:36:00,02:46:00,"Wednesday",4,0,2021,00:17:00
74479,"city C",10.8,1,"wehqk",10.8,"Sunday",20:10:00,20:30:00,21:05:00,"Sunday",2,1,2020,00:20:00
7151,"city B",10.8,1,"bjdwe",10.8,"Monday",19:43:00,19:56:00,20:31:00,"Monday",8,5,2021,00:13:00
62969,"city A",10.8,1,"acjde",10.8,"Wednesday",20:15:00,20:34:00,21:58:00,"Wednesday",6,1,2021,00:19:00
90558,"city A",10.8,1,"acjde",10.8,"Saturday",20:30:00,20:42:00,22:05:00,"Saturday",8,4,2021,00:12:00
95807,"city C",10.8,1,"wehqk",10.8,"Wednesday",20:03:00,20:20:00,21:11:00,"Wednesday",9,2,2022,00:17:00
3392,"city B",10.8,1,"bjdwe",10.8,"Wednesday",19:10:00,19:27:00,20:57:00,"Wednesday",3,1,2020,00:17:00
113389,"city B",10.8,1,"bjdwe",10.8,"Tuesday",03:05:00,03:24:00,04:25:00,"Tuesday",10,2,2021,00:19:00
74880,"city B",10.8,1,"bjdwe",10.8,"Thursday",18:01:00,18:19:00,19:12:00,"Thursday",7,5,2021,00:18:00
5107,"city A",10.8,1,"acjde",10.8,"Saturday",20:37:00,20:57:00,22:18:00,"Saturday",8,0,2020,00:20:00
9959,"city A",10.8,1,"acjde",10.8,"Thursday",02:50:00,03:08:00,03:58:00,"Thursday",5,3,2021,00:18:00
8114,"city A",10.8,1,"acjde",10.8,"Tuesday",03:58:00,04:15:00,05:14:00,"Tuesday",1,4,2019,00:17:00
489,"city A",10.8,1,"acjde",10.8,"Sunday",03:44:00,03:56:00,04:27:00,"Sunday",2,4,2019,00:12:00
35636,"city B",10.8,1,"bjdwe",10.8,"Monday",03:18:00,03:34:00,04:16:00,"Monday",1,2,2020,00:16:00
82591,"city A",10.8,1,"acjde",10.8,"Monday",21:34:00,21:45:00,22:32:00,"Monday",5,3,2022,00:11:00
3528,"city C",10.8,1,"wehqk",10.8,"Friday",20:20:00,20:38:00,22:00:00,"Friday",6,2,2019,00:18:00
29565,"city C",10.8,1,"wehqk",10.8,"Monday",00:08:00,00:28:00,01:31:00,"Monday",9,2,2020,00:20:00
106159,"city B",10.8,1,"bjdwe",10.8,"Thursday",00:10:00,00:22:00,02:12:00,"Thursday",4,5,2021,00:12:00
195630,"city C",10.8,1,"wehqk",10.8,"Wednesday",19:13:00,19:27:00,21:12:00,"Wednesday",5,0,2021,00:14:00
157229,"city A",10.8,1,"acjde",10.8,"Tuesday",02:33:00,02:51:00,04:15:00,"Tuesday",6,1,2020,00:18:00
899,"city C",10.8,1,"wehqk",10.8,"Saturday",20:07:00,20:23:00,20:33:00,"Saturday",2,5,2022,00:16:00
6621,"city A",10.8,1,"acjde",10.8,"Thursday",05:55:00,06:14:00,07:22:00,"Thursday",10,2,2019,00:19:00
108626,"city B",10.8,1,"bjdwe",10.8,"Friday",05:07:00,05:21:00,06:49:00,"Friday",2,4,2022,00:14:00
6047,"city A",97.1,9,"acjde",10.8,"Monday",03:05:00,03:18:00,04:52:00,"Monday",7,0,2022,00:13:00
102495,"city B",97.1,9,"bjdwe",10.8,"Wednesday",02:39:00,02:59:00,04:46:00,"Wednesday",5,0,2021,00:20:00
60094,"city C",97.1,9,"wehqk",10.8,"Thursday",20:45:00,21:03:00,21:46:00,"Thursday",3,4,2020,00:18:00
102289,"city A",97.1,9,"acjde",10.8,"Sunday",20:04:00,20:18:00,21:58:00,"Sunday",9,3,2020,00:14:00
3016,"city A",97.1,9,"acjde",10.8,"Sunday",05:30:00,05:41:00,06:16:00,"Sunday",8,4,2020,00:11:00
79156,"city A",75.4,7,"acjde",10.8,"Saturday",03:26:00,03:44:00,05:40:00,"Saturday",3,5,2022,00:18:00
104967,"city A",75.4,7,"acjde",10.8,"Sunday",19:31:00,19:42:00,21:25:00,"Sunday",4,3,2022,00:11:00
8688,"city C",53.8,5,"wehqk",10.8,"Friday",19:03:00,19:20:00,21:15:00,"Friday",5,2,2020,00:17:00
113389,"city B",53.8,5,"bjdwe",10.8,"Thursday",01:52:00,02:11:00,04:06:00,"Thursday",3,2,2021,00:19:00
1895,"city B",43,4,"bjdwe",10.8,"Saturday",03:58:00,04:13:00,05:41:00,"Saturday",8,3,2021,00:15:00
79156,"city A",43,4,"acjde",10.8,"Tuesday",20:42:00,20:56:00,21:27:00,"Tuesday",2,3,2022,00:14:00
14495,"city C",10.7,1,"wehqk",10.7,"Sunday",23:02:00,23:19:00,00:31:00,"Sunday",1,2,2019,00:17:00
5757,"city B",10.7,1,"bjdwe",10.7,"Thursday",20:51:00,21:08:00,21:48:00,"Thursday",1,3,2022,00:17:00
108285,"city C",10.7,1,"wehqk",10.7,"Sunday",03:24:00,03:42:00,05:39:00,"Sunday",10,1,2019,00:18:00
88846,"city A",10.7,1,"acjde",10.7,"Saturday",03:13:00,03:31:00,04:44:00,"Saturday",8,3,2020,00:18:00
41031,"city C",10.7,1,"wehqk",10.7,"Tuesday",03:49:00,04:05:00,05:15:00,"Tuesday",4,4,2019,00:16:00
194709,"city B",10.7,1,"bjdwe",10.7,"Thursday",05:25:00,05:41:00,07:26:00,"Thursday",7,3,2022,00:16:00
85535,"city C",10.7,1,"wehqk",10.7,"Monday",21:25:00,21:40:00,22:56:00,"Monday",7,5,2022,00:15:00
3261,"city A",10.7,1,"acjde",10.7,"Friday",20:48:00,21:06:00,21:23:00,"Friday",5,0,2021,00:18:00
4059,"city B",10.7,1,"bjdwe",10.7,"Saturday",18:20:00,18:37:00,18:45:00,"Saturday",3,4,2020,00:17:00
8755,"city A",10.7,1,"acjde",10.7,"Monday",20:02:00,20:18:00,21:00:00,"Monday",2,4,2021,00:16:00
9923,"city B",10.7,1,"bjdwe",10.7,"Saturday",20:04:00,20:21:00,21:00:00,"Saturday",2,0,2019,00:17:00
196384,"city A",10.7,1,"acjde",10.7,"Tuesday",21:18:00,21:37:00,22:01:00,"Tuesday",5,1,2021,00:19:00
83814,"city A",53.4,5,"acjde",10.7,"Tuesday",04:50:00,05:10:00,05:30:00,"Tuesday",9,2,2019,00:20:00
14965,"city B",53.4,5,"bjdwe",10.7,"Tuesday",03:53:00,04:04:00,05:00:00,"Tuesday",4,3,2022,00:11:00
3891,"city A",42.7,4,"acjde",10.7,"Friday",04:28:00,04:42:00,05:28:00,"Friday",3,2,2022,00:14:00
83710,"city B",42.7,4,"bjdwe",10.7,"Wednesday",00:57:00,01:10:00,02:01:00,"Wednesday",5,4,2020,00:13:00
4100,"city A",53.2,5,"acjde",10.6,"Wednesday",02:30:00,02:47:00,03:05:00,"Wednesday",4,2,2021,00:17:00
12030,"city B",53.2,5,"bjdwe",10.6,"Tuesday",01:07:00,01:19:00,02:57:00,"Tuesday",3,3,2019,00:12:00
3913,"city A",10.6,1,"acjde",10.6,"Tuesday",02:01:00,02:12:00,04:06:00,"Tuesday",3,5,2022,00:11:00
156692,"city C",10.6,1,"wehqk",10.6,"Sunday",02:55:00,03:09:00,04:54:00,"Sunday",1,2,2022,00:14:00
1424,"city C",10.6,1,"wehqk",10.6,"Monday",02:24:00,02:38:00,03:10:00,"Monday",6,4,2020,00:14:00
28879,"city A",31.8,3,"acjde",10.6,"Thursday",18:47:00,19:06:00,19:34:00,"Thursday",8,0,2020,00:19:00
17297,"city C",63.3,6,"wehqk",10.5,"Thursday",03:41:00,03:59:00,04:15:00,"Thursday",8,2,2022,00:18:00
2405,"city B",73.7,7,"bjdwe",10.5,"Tuesday",01:12:00,01:31:00,02:46:00,"Tuesday",9,1,2019,00:19:00
86243,"city A",73.7,7,"acjde",10.5,"Monday",02:13:00,02:28:00,04:05:00,"Monday",4,5,2022,00:15:00
88854,"city B",200,19,"bjdwe",10.5,"Sunday",02:10:00,02:21:00,03:01:00,"Sunday",8,3,2022,00:11:00
82994,"city C",200,19,"wehqk",10.5,"Wednesday",04:22:00,04:38:00,05:41:00,"Wednesday",8,0,2021,00:16:00
87244,"city C",200,19,"wehqk",10.5,"Friday",03:57:00,04:09:00,05:35:00,"Friday",6,5,2022,00:12:00
10415,"city B",63,6,"bjdwe",10.5,"Thursday",02:04:00,02:17:00,04:01:00,"Thursday",8,0,2021,00:13:00
3213,"city B",31.5,3,"bjdwe",10.5,"Sunday",02:58:00,03:06:00,04:09:00,"Sunday",6,3,2021,00:08:00
190419,"city C",21,2,"wehqk",10.5,"Tuesday",02:00:00,02:10:00,02:21:00,"Tuesday",3,1,2020,00:10:00
60094,"city C",21,2,"wehqk",10.5,"Sunday",03:36:00,03:47:00,04:25:00,"Sunday",7,1,2020,00:11:00
44301,"city B",21,2,"bjdwe",10.5,"Thursday",20:11:00,20:23:00,20:47:00,"Thursday",5,0,2020,00:12:00
13125,"city C",52.4,5,"wehqk",10.5,"Wednesday",02:32:00,02:41:00,04:35:00,"Wednesday",9,3,2022,00:09:00
5518,"city A",52.4,5,"acjde",10.5,"Thursday",20:28:00,20:38:00,22:31:00,"Thursday",10,2,2021,00:10:00
16060,"city A",20.9,2,"acjde",10.5,"Monday",19:04:00,19:15:00,19:43:00,"Monday",3,1,2021,00:11:00
4100,"city A",20.9,2,"acjde",10.5,"Saturday",19:00:00,19:11:00,21:03:00,"Saturday",6,4,2021,00:11:00
10673,"city A",20.9,2,"acjde",10.5,"Sunday",01:30:00,01:40:00,02:56:00,"Sunday",4,4,2020,00:10:00
11815,"city C",20.9,2,"wehqk",10.5,"Sunday",00:57:00,01:06:00,02:54:00,"Sunday",4,3,2019,00:09:00
1396,"city A",31.2,3,"acjde",10.4,"Wednesday",02:56:00,03:06:00,04:19:00,"Wednesday",4,1,2021,00:10:00
83971,"city C",20.8,2,"wehqk",10.4,"Saturday",20:35:00,20:41:00,21:34:00,"Saturday",0,4,2019,00:06:00
1396,"city A",20.8,2,"acjde",10.4,"Friday",20:44:00,20:53:00,21:03:00,"Friday",4,1,2021,00:09:00
81869,"city A",83,8,"acjde",10.4,"Thursday",20:43:00,20:49:00,22:17:00,"Thursday",0,4,2019,00:06:00
2576,"city A",83,8,"acjde",10.4,"Saturday",19:12:00,19:20:00,20:21:00,"Saturday",4,2,2020,00:08:00
13631,"city B",83,8,"bjdwe",10.4,"Friday",04:29:00,04:35:00,05:49:00,"Friday",10,3,2021,00:06:00
113471,"city B",31.1,3,"bjdwe",10.4,"Wednesday",21:21:00,21:30:00,21:49:00,"Wednesday",6,0,2022,00:09:00
10953,"city A",41.4,4,"acjde",10.3,"Sunday",02:21:00,02:26:00,02:40:00,"Sunday",0,4,2022,00:05:00
14573,"city A",41.4,4,"acjde",10.3,"Saturday",21:34:00,21:38:00,22:41:00,"Saturday",2,5,2021,00:04:00
5962,"city B",71.9,7,"bjdwe",10.3,"Thursday",01:45:00,01:54:00,03:51:00,"Thursday",10,0,2019,00:09:00
64488,"city B",71.9,7,"bjdwe",10.3,"Saturday",02:04:00,02:14:00,04:13:00,"Saturday",9,1,2020,00:10:00
5403,"city B",20.5,2,"bjdwe",10.3,"Monday",23:35:00,23:41:00,23:58:00,"Monday",1,2,2021,00:06:00
552,"city C",20.2,2,"wehqk",10.1,"Monday",22:46:00,22:51:00,23:05:00,"Monday",1,3,2021,00:05:00
60159,"city C",80.8,8,"wehqk",10.1,"Monday",02:30:00,02:34:00,02:36:00,"Monday",1,5,2021,00:04:00
3009,"city B",80.8,8,"bjdwe",10.1,"Wednesday",03:57:00,04:02:00,04:07:00,"Wednesday",4,0,2020,00:05:00
83205,"city C",80.8,8,"wehqk",10.1,"Tuesday",20:10:00,20:21:00,20:59:00,"Tuesday",4,1,2019,00:11:00
6710,"city A",30.3,3,"acjde",10.1,"Sunday",02:48:00,02:54:00,04:52:00,"Sunday",0,4,2020,00:06:00
4010,"city B",30.3,3,"bjdwe",10.1,"Friday",20:07:00,20:15:00,20:36:00,"Friday",9,3,2022,00:08:00
10052,"city A",90.5,9,"acjde",10.1,"Monday",04:22:00,04:30:00,04:43:00,"Monday",10,0,2021,00:08:00
71624,"city B",90.5,9,"bjdwe",10.1,"Sunday",20:51:00,21:02:00,21:44:00,"Sunday",9,1,2021,00:11:00
33920,"city C",90.5,9,"wehqk",10.1,"Friday",02:15:00,02:23:00,03:31:00,"Friday",4,3,2021,00:08:00
10294,"city C",90.5,9,"wehqk",10.1,"Thursday",20:20:00,20:27:00,21:42:00,"Thursday",10,3,2021,00:07:00
1011,"city B",90.5,9,"bjdwe",10.1,"Thursday",03:53:00,04:02:00,05:06:00,"Thursday",4,2,2022,00:09:00
2512,"city C",40.2,4,"wehqk",10.1,"Tuesday",03:10:00,03:18:00,04:35:00,"Tuesday",0,4,2020,00:08:00
4092,"city B",40.2,4,"bjdwe",10.1,"Sunday",21:04:00,21:09:00,22:33:00,"Sunday",10,3,2019,00:05:00
3964,"city A",90.4,9,"acjde",10,"Saturday",02:13:00,02:18:00,03:17:00,"Saturday",4,5,2022,00:05:00
13958,"city A",90.4,9,"acjde",10,"Wednesday",19:42:00,19:53:00,20:09:00,"Wednesday",4,1,2022,00:11:00
4983,"city A",90.4,9,"acjde",10,"Tuesday",18:55:00,19:04:00,19:13:00,"Tuesday",0,4,2020,00:09:00
97649,"city A",90.4,9,"acjde",10,"Monday",21:25:00,21:34:00,22:52:00,"Monday",0,3,2020,00:09:00
6502,"city C",90.4,9,"wehqk",10,"Friday",18:24:00,18:34:00,19:08:00,"Friday",10,0,2021,00:10:00
48895,"city A",80.1,8,"acjde",10,"Tuesday",03:42:00,03:46:00,04:50:00,"Tuesday",4,5,2020,00:04:00
959,"city C",80.1,8,"wehqk",10,"Monday",20:49:00,20:59:00,21:26:00,"Monday",3,0,2020,00:10:00
12300,"city C",80.1,8,"wehqk",10,"Thursday",02:05:00,02:13:00,03:40:00,"Thursday",0,3,2019,00:08:00
9512,"city A",30,3,"acjde",10,"Saturday",20:18:00,20:27:00,20:59:00,"Saturday",0,1,2020,00:09:00
2562,"city A",90,9,"acjde",10,"Friday",20:17:00,20:22:00,22:04:00,"Friday",0,4,2020,00:05:00
95807,"city C",30,3,"wehqk",10,"Wednesday",02:56:00,03:00:00,04:47:00,"Wednesday",0,5,2022,00:04:00
92490,"city C",30,3,"wehqk",10,"Monday",01:47:00,01:53:00,03:41:00,"Monday",0,4,2021,00:06:00
3006,"city A",30,3,"acjde",10,"Wednesday",03:24:00,03:29:00,05:03:00,"Wednesday",0,3,2020,00:05:00
199819,"city A",20,2,"acjde",10,"Friday",19:50:00,19:59:00,20:27:00,"Friday",0,3,2021,00:09:00
106159,"city B",20,2,"bjdwe",10,"Tuesday",04:09:00,04:19:00,05:08:00,"Tuesday",0,3,2021,00:10:00
98888,"city B",20,2,"bjdwe",10,"Wednesday",02:01:00,02:06:00,03:01:00,"Wednesday",0,5,2021,00:05:00
114,"city A",20,2,"acjde",10,"Friday",22:21:00,22:28:00,22:47:00,"Friday",0,3,2020,00:07:00
1747,"city B",20,2,"bjdwe",10,"Sunday",19:56:00,20:07:00,21:34:00,"Sunday",0,3,2021,00:11:00
12708,"city C",90,9,"wehqk",10,"Saturday",03:18:00,03:24:00,05:13:00,"Saturday",0,5,2019,00:06:00
24920,"city C",90,9,"wehqk",10,"Wednesday",04:26:00,04:36:00,05:41:00,"Wednesday",0,4,2020,00:10:00
83971,"city C",90,9,"wehqk",10,"Sunday",02:33:00,02:37:00,04:04:00,"Sunday",0,4,2019,00:04:00
29565,"city C",90,9,"wehqk",10,"Monday",04:00:00,04:04:00,05:11:00,"Monday",0,3,2020,00:04:00
91627,"city B",30,3,"bjdwe",10,"Sunday",20:46:00,20:55:00,21:53:00,"Sunday",0,4,2019,00:09:00
2011,"city B",69.9,7,"bjdwe",10,"Sunday",02:21:00,02:28:00,03:35:00,"Sunday",0,4,2022,00:07:00
199572,"city B",69.9,7,"bjdwe",10,"Sunday",03:12:00,03:20:00,05:09:00,"Sunday",0,5,2022,00:08:00
6081,"city A",30,3,"acjde",10,"Thursday",20:40:00,20:47:00,22:03:00,"Thursday",0,4,2019,00:07:00
3392,"city B",59.9,6,"bjdwe",10,"Monday",22:29:00,22:39:00,23:07:00,"Monday",0,3,2020,00:10:00
8703,"city A",89.6,9,"acjde",10,"Tuesday",01:34:00,01:43:00,01:44:00,"Tuesday",0,5,2021,00:09:00
79435,"city A",89.6,9,"acjde",10,"Wednesday",04:20:00,04:24:00,04:47:00,"Wednesday",0,3,2022,00:04:00
6710,"city A",89.6,9,"acjde",10,"Monday",02:22:00,02:28:00,04:12:00,"Monday",0,4,2020,00:06:00
3433,"city C",89.6,9,"wehqk",10,"Sunday",05:51:00,06:00:00,07:35:00,"Sunday",0,4,2022,00:09:00
6245,"city B",89.6,9,"bjdwe",10,"Wednesday",03:11:00,03:15:00,03:59:00,"Wednesday",0,3,2022,00:04:00
5538,"city B",39.8,4,"bjdwe",10,"Sunday",04:14:00,04:18:00,06:05:00,"Sunday",0,5,2020,00:04:00
7200,"city C",39.8,4,"wehqk",10,"Tuesday",21:09:00,21:18:00,22:53:00,"Tuesday",0,5,2020,00:09:00
6286,"city B",29.8,3,"bjdwe",9.9,"Friday",03:07:00,03:17:00,04:17:00,"Friday",0,5,2020,00:10:00
45657,"city B",29.7,3,"bjdwe",9.9,"Sunday",04:11:00,04:15:00,05:49:00,"Sunday",0,3,2021,00:04:00
156011,"city B",98.7,10,"bjdwe",9.9,"Saturday",02:03:00,02:11:00,03:42:00,"Saturday",0,3,2019,00:08:00
79146,"city B",98.7,10,"bjdwe",9.9,"Saturday",04:02:00,04:07:00,04:31:00,"Saturday",0,3,2020,00:05:00
1526,"city C",98.7,10,"wehqk",9.9,"Friday",18:10:00,18:17:00,19:02:00,"Friday",0,3,2019,00:07:00
489,"city A",29.6,3,"acjde",9.9,"Tuesday",20:46:00,20:57:00,21:46:00,"Tuesday",0,3,2019,00:11:00
14965,"city B",29.6,3,"bjdwe",9.9,"Tuesday",20:24:00,20:31:00,22:16:00,"Tuesday",0,5,2022,00:07:00
85878,"city C",29.6,3,"wehqk",9.9,"Friday",20:17:00,20:27:00,20:46:00,"Friday",0,4,2021,00:10:00
113442,"city A",78.9,8,"acjde",9.9,"Wednesday",00:34:00,00:41:00,01:35:00,"Wednesday",0,3,2022,00:07:00
113442,"city A",78.9,8,"acjde",9.9,"Sunday",04:14:00,04:20:00,05:09:00,"Sunday",0,5,2022,00:06:00
4432,"city C",78.9,8,"wehqk",9.9,"Tuesday",19:34:00,19:42:00,20:55:00,"Tuesday",0,5,2020,00:08:00
100102,"city B",98.6,10,"bjdwe",9.9,"Sunday",03:41:00,03:46:00,04:25:00,"Sunday",0,4,2019,00:05:00
79142,"city A",98.6,10,"acjde",9.9,"Saturday",00:08:00,00:18:00,01:52:00,"Saturday",0,3,2020,00:10:00
84488,"city C",98.6,10,"wehqk",9.9,"Friday",05:32:00,05:36:00,07:26:00,"Friday",0,5,2020,00:04:00
1011,"city B",88.7,9,"bjdwe",9.9,"Wednesday",23:52:00,23:59:00,01:15:00,"Wednesday",0,5,2022,00:07:00
1384,"city C",88.7,9,"wehqk",9.9,"Saturday",01:32:00,01:37:00,02:57:00,"Saturday",0,3,2020,00:05:00
13125,"city C",88.7,9,"wehqk",9.9,"Friday",20:38:00,20:45:00,20:53:00,"Friday",0,3,2022,00:07:00
97044,"city B",88.7,9,"bjdwe",9.9,"Saturday",04:50:00,04:54:00,06:26:00,"Saturday",0,5,2021,00:04:00
197954,"city B",88.7,9,"bjdwe",9.9,"Monday",19:54:00,19:59:00,21:31:00,"Monday",0,5,2021,00:05:00
9189,"city C",29.5,3,"wehqk",9.8,"Wednesday",02:54:00,02:58:00,03:13:00,"Wednesday",0,4,2019,00:04:00
3657,"city B",29.5,3,"bjdwe",9.8,"Wednesday",02:56:00,03:07:00,04:19:00,"Wednesday",0,5,2019,00:11:00
1661,"city C",29.5,3,"wehqk",9.8,"Saturday",04:18:00,04:23:00,05:26:00,"Saturday",0,5,2020,00:05:00
93954,"city B",9.8,1,"bjdwe",9.8,"Saturday",02:56:00,03:03:00,03:16:00,"Saturday",0,4,2021,00:07:00
87244,"city C",9.8,1,"wehqk",9.8,"Thursday",03:50:00,03:58:00,05:47:00,"Thursday",0,3,2022,00:08:00
193503,"city A",58.5,6,"acjde",9.8,"Friday",18:29:00,18:40:00,19:56:00,"Friday",0,5,2019,00:11:00
2512,"city C",29.2,3,"wehqk",9.7,"Thursday",20:29:00,20:39:00,20:45:00,"Thursday",0,3,2020,00:10:00
57966,"city B",48.7,5,"bjdwe",9.7,"Monday",20:29:00,20:38:00,22:36:00,"Monday",0,4,2020,00:09:00
56808,"city A",48.7,5,"acjde",9.7,"Sunday",01:29:00,01:37:00,01:59:00,"Sunday",0,5,2019,00:08:00
899,"city C",87.5,9,"wehqk",9.7,"Friday",01:08:00,01:15:00,02:43:00,"Friday",0,5,2022,00:07:00
550,"city B",87.5,9,"bjdwe",9.7,"Thursday",01:15:00,01:20:00,02:31:00,"Thursday",0,5,2019,00:05:00
113442,"city A",87.5,9,"acjde",9.7,"Friday",02:50:00,02:54:00,02:57:00,"Friday",0,4,2022,00:04:00
71624,"city B",87.5,9,"bjdwe",9.7,"Wednesday",02:36:00,02:45:00,04:28:00,"Wednesday",0,3,2021,00:09:00
8000,"city A",87.5,9,"acjde",9.7,"Monday",20:15:00,20:21:00,21:33:00,"Monday",0,3,2020,00:06:00
10673,"city A",19.4,2,"acjde",9.7,"Monday",04:10:00,04:14:00,04:29:00,"Monday",0,3,2020,00:04:00
190380,"city B",29,3,"bjdwe",9.7,"Tuesday",02:23:00,02:29:00,02:45:00,"Tuesday",0,5,2020,00:06:00
2456,"city C",29,3,"wehqk",9.7,"Wednesday",20:25:00,20:32:00,20:54:00,"Wednesday",0,3,2022,00:07:00
88854,"city B",29,3,"bjdwe",9.7,"Wednesday",23:59:00,00:09:00,00:20:00,"Wednesday",0,5,2022,NA
13447,"city C",29,3,"wehqk",9.7,"Wednesday",20:40:00,20:46:00,21:18:00,"Wednesday",0,4,2019,00:06:00
92481,"city B",29,3,"bjdwe",9.7,"Monday",22:33:00,22:37:00,22:50:00,"Monday",0,3,2022,00:04:00
12761,"city C",38.6,4,"wehqk",9.7,"Wednesday",01:10:00,01:20:00,03:02:00,"Wednesday",0,5,2019,00:10:00
1210,"city C",19.3,2,"wehqk",9.7,"Saturday",20:04:00,20:12:00,20:58:00,"Saturday",0,3,2022,00:08:00
12980,"city B",38.6,4,"bjdwe",9.7,"Friday",20:33:00,20:43:00,21:32:00,"Friday",0,3,2019,00:10:00
959,"city C",67.5,7,"wehqk",9.6,"Sunday",01:31:00,01:35:00,03:27:00,"Sunday",0,3,2020,00:04:00
899,"city C",67.5,7,"wehqk",9.6,"Thursday",02:56:00,03:06:00,04:25:00,"Thursday",0,3,2022,00:10:00
6245,"city B",48,5,"bjdwe",9.6,"Sunday",04:29:00,04:38:00,06:11:00,"Sunday",0,4,2022,00:09:00
8656,"city A",48,5,"acjde",9.6,"Thursday",02:30:00,02:39:00,02:42:00,"Thursday",0,3,2019,00:09:00
81139,"city C",19.2,2,"wehqk",9.6,"Friday",20:34:00,20:43:00,21:31:00,"Friday",0,5,2021,00:09:00
1291,"city B",9.6,1,"bjdwe",9.6,"Saturday",01:34:00,01:42:00,03:28:00,"Saturday",0,4,2019,00:08:00
1704,"city C",9.6,1,"wehqk",9.6,"Monday",02:30:00,02:34:00,04:25:00,"Monday",0,4,2020,00:04:00
81869,"city A",19.2,2,"acjde",9.6,"Saturday",03:27:00,03:34:00,04:01:00,"Saturday",0,4,2019,00:07:00
64488,"city B",19.2,2,"bjdwe",9.6,"Thursday",22:25:00,22:32:00,00:16:00,"Thursday",0,4,2020,00:07:00
194709,"city B",95.6,10,"bjdwe",9.6,"Sunday",02:23:00,02:33:00,04:02:00,"Sunday",0,3,2022,00:10:00
79435,"city A",95.6,10,"acjde",9.6,"Sunday",02:45:00,02:53:00,04:40:00,"Sunday",0,4,2022,00:08:00
79136,"city A",95.6,10,"acjde",9.6,"Saturday",04:43:00,04:53:00,05:42:00,"Saturday",0,5,2020,00:10:00
69975,"city A",47.7,5,"acjde",9.5,"Friday",02:16:00,02:26:00,03:03:00,"Friday",0,4,2022,00:10:00
79136,"city A",47.7,5,"acjde",9.5,"Thursday",01:45:00,01:51:00,03:43:00,"Thursday",0,5,2020,00:06:00
1704,"city C",28.6,3,"wehqk",9.5,"Monday",05:00:00,05:11:00,05:46:00,"Monday",0,4,2020,00:11:00
194008,"city C",28.6,3,"wehqk",9.5,"Friday",02:13:00,02:17:00,03:04:00,"Friday",0,3,2022,00:04:00
113471,"city B",28.6,3,"bjdwe",9.5,"Monday",20:57:00,21:08:00,22:14:00,"Monday",0,5,2022,00:11:00
193503,"city A",38.1,4,"acjde",9.5,"Saturday",02:21:00,02:25:00,03:10:00,"Saturday",0,5,2019,00:04:00
13489,"city A",38.1,4,"acjde",9.5,"Thursday",20:02:00,20:11:00,20:41:00,"Thursday",0,3,2020,00:09:00
76264,"city B",47.6,5,"bjdwe",9.5,"Monday",03:29:00,03:38:00,05:32:00,"Monday",0,5,2022,00:09:00
93902,"city B",28.5,3,"bjdwe",9.5,"Monday",02:41:00,02:46:00,04:41:00,"Monday",0,3,2019,00:05:00
156835,"city B",19,2,"bjdwe",9.5,"Saturday",02:07:00,02:12:00,02:20:00,"Saturday",0,5,2022,00:05:00
88846,"city A",28.5,3,"acjde",9.5,"Saturday",22:39:00,22:45:00,23:54:00,"Saturday",0,5,2020,00:06:00
113496,"city C",28.5,3,"wehqk",9.5,"Tuesday",02:16:00,02:27:00,04:14:00,"Tuesday",0,5,2019,00:11:00
8083,"city A",94.9,10,"acjde",9.5,"Sunday",03:01:00,03:06:00,03:54:00,"Sunday",0,5,2019,00:05:00
10294,"city C",94.9,10,"wehqk",9.5,"Monday",00:31:00,00:39:00,01:48:00,"Monday",0,3,2021,00:08:00
105253,"city B",94.9,10,"bjdwe",9.5,"Thursday",20:02:00,20:07:00,20:16:00,"Thursday",0,5,2020,00:05:00
17297,"city C",28.4,3,"wehqk",9.5,"Monday",02:02:00,02:06:00,03:37:00,"Monday",0,5,2022,00:04:00
10052,"city A",28.4,3,"acjde",9.5,"Wednesday",21:29:00,21:34:00,21:53:00,"Wednesday",0,3,2021,00:05:00
8076,"city B",28.4,3,"bjdwe",9.5,"Tuesday",20:00:00,20:04:00,21:35:00,"Tuesday",0,5,2019,00:04:00
13964,"city A",28.4,3,"acjde",9.5,"Thursday",21:59:00,22:10:00,23:56:00,"Thursday",0,5,2020,00:11:00
92300,"city A",28.4,3,"acjde",9.5,"Sunday",20:12:00,20:17:00,20:57:00,"Sunday",0,4,2020,00:05:00
190419,"city C",28.4,3,"wehqk",9.5,"Monday",02:01:00,02:12:00,03:59:00,"Monday",0,4,2020,00:11:00
17297,"city C",47.3,5,"wehqk",9.5,"Sunday",20:14:00,20:25:00,21:11:00,"Sunday",0,4,2022,00:11:00
68187,"city A",37.6,4,"acjde",9.4,"Sunday",20:20:00,20:27:00,22:16:00,"Sunday",0,4,2021,00:07:00
17146,"city B",18.8,2,"bjdwe",9.4,"Thursday",02:16:00,02:22:00,03:08:00,"Thursday",0,5,2022,00:06:00
6668,"city C",18.8,2,"wehqk",9.4,"Monday",03:10:00,03:19:00,03:50:00,"Monday",0,5,2019,00:09:00
78104,"city A",37.6,4,"acjde",9.4,"Monday",20:01:00,20:10:00,20:37:00,"Monday",0,3,2022,00:09:00
4052,"city A",18.8,2,"acjde",9.4,"Saturday",20:56:00,21:03:00,21:11:00,"Saturday",0,4,2021,00:07:00
79657,"city C",18.8,2,"wehqk",9.4,"Sunday",02:04:00,02:15:00,03:00:00,"Sunday",0,4,2021,00:11:00
1961,"city C",37.5,4,"wehqk",9.4,"Wednesday",03:14:00,03:20:00,04:25:00,"Wednesday",0,4,2021,00:06:00
6958,"city A",37.5,4,"acjde",9.4,"Thursday",05:43:00,05:54:00,07:12:00,"Thursday",0,3,2022,00:11:00
1992,"city A",28.1,3,"acjde",9.4,"Thursday",02:12:00,02:18:00,02:30:00,"Thursday",0,3,2019,00:06:00
93902,"city B",28.1,3,"bjdwe",9.4,"Saturday",05:43:00,05:47:00,07:03:00,"Saturday",0,5,2019,00:04:00
79146,"city B",28.1,3,"bjdwe",9.4,"Monday",20:37:00,20:43:00,20:58:00,"Monday",0,5,2020,00:06:00
75781,"city C",74.9,8,"wehqk",9.4,"Wednesday",02:35:00,02:44:00,02:50:00,"Wednesday",0,5,2019,00:09:00
53502,"city A",74.9,8,"acjde",9.4,"Tuesday",19:34:00,19:42:00,20:13:00,"Tuesday",0,5,2021,00:08:00
1384,"city C",74.9,8,"wehqk",9.4,"Friday",03:00:00,03:08:00,03:41:00,"Friday",0,3,2020,00:08:00
57966,"city B",93.5,10,"bjdwe",9.3,"Tuesday",03:06:00,03:14:00,05:07:00,"Tuesday",0,3,2020,00:08:00
4100,"city A",93.5,10,"acjde",9.3,"Saturday",23:39:00,23:43:00,00:10:00,"Saturday",0,5,2021,00:04:00
2576,"city A",93.5,10,"acjde",9.3,"Tuesday",02:38:00,02:47:00,04:09:00,"Tuesday",0,3,2020,00:09:00
6668,"city C",28,3,"wehqk",9.3,"Sunday",20:16:00,20:23:00,21:02:00,"Sunday",0,3,2019,00:07:00
4097,"city A",28,3,"acjde",9.3,"Friday",05:46:00,05:51:00,05:55:00,"Friday",0,3,2022,00:05:00
195630,"city C",28,3,"wehqk",9.3,"Thursday",02:10:00,02:18:00,03:12:00,"Thursday",0,3,2021,00:08:00
95286,"city B",56,6,"bjdwe",9.3,"Saturday",03:04:00,03:13:00,03:19:00,"Saturday",0,5,2021,00:09:00
62744,"city B",28,3,"bjdwe",9.3,"Friday",03:03:00,03:12:00,05:06:00,"Friday",0,5,2022,00:09:00
10617,"city B",28,3,"bjdwe",9.3,"Thursday",03:25:00,03:31:00,03:45:00,"Thursday",0,4,2021,00:06:00
85050,"city A",28,3,"acjde",9.3,"Wednesday",20:03:00,20:14:00,20:42:00,"Wednesday",0,3,2019,00:11:00
2405,"city B",37.3,4,"bjdwe",9.3,"Sunday",04:37:00,04:45:00,05:20:00,"Sunday",0,4,2019,00:08:00
36702,"city C",37.3,4,"wehqk",9.3,"Tuesday",20:54:00,21:05:00,22:10:00,"Tuesday",0,3,2020,00:11:00
888,"city C",18.6,2,"wehqk",9.3,"Saturday",01:59:00,02:07:00,02:11:00,"Saturday",0,5,2019,00:08:00
1992,"city A",18.6,2,"acjde",9.3,"Saturday",02:06:00,02:13:00,02:56:00,"Saturday",0,4,2019,00:07:00
13964,"city A",9.3,1,"acjde",9.3,"Friday",01:30:00,01:38:00,02:18:00,"Friday",0,3,2020,00:08:00
14043,"city C",9.3,1,"wehqk",9.3,"Saturday",02:56:00,03:01:00,04:28:00,"Saturday",0,3,2022,00:05:00
13902,"city C",27.9,3,"wehqk",9.3,"Friday",02:25:00,02:31:00,04:19:00,"Friday",0,4,2019,00:06:00
113424,"city B",27.9,3,"bjdwe",9.3,"Thursday",20:46:00,20:52:00,21:03:00,"Thursday",0,3,2019,00:06:00
10942,"city A",27.9,3,"acjde",9.3,"Friday",19:02:00,19:13:00,19:39:00,"Friday",0,4,2022,00:11:00
81869,"city A",55.6,6,"acjde",9.3,"Tuesday",03:33:00,03:43:00,05:42:00,"Tuesday",0,3,2019,00:10:00
13018,"city B",27.7,3,"bjdwe",9.2,"Saturday",02:25:00,02:29:00,04:28:00,"Saturday",0,3,2020,00:04:00
5917,"city A",27.7,3,"acjde",9.2,"Wednesday",18:35:00,18:45:00,20:22:00,"Wednesday",0,5,2022,00:10:00
199817,"city B",27.7,3,"bjdwe",9.2,"Sunday",02:23:00,02:28:00,03:12:00,"Sunday",0,5,2020,00:05:00
4187,"city C",92.3,10,"wehqk",9.2,"Sunday",03:12:00,03:19:00,03:48:00,"Sunday",0,4,2021,00:07:00
68759,"city C",18.5,2,"wehqk",9.2,"Sunday",01:40:00,01:45:00,02:40:00,"Sunday",0,3,2019,00:05:00
3840,"city B",18.5,2,"bjdwe",9.2,"Sunday",01:25:00,01:33:00,02:37:00,"Sunday",0,3,2019,00:08:00
8059,"city C",92.3,10,"wehqk",9.2,"Monday",01:53:00,02:02:00,03:31:00,"Monday",0,4,2021,00:09:00
3840,"city B",92.3,10,"bjdwe",9.2,"Thursday",04:33:00,04:41:00,06:21:00,"Thursday",0,3,2019,00:08:00
1762,"city A",18.4,2,"acjde",9.2,"Monday",02:12:00,02:18:00,03:12:00,"Monday",0,5,2021,00:06:00
33389,"city C",18.4,2,"wehqk",9.2,"Monday",01:32:00,01:37:00,02:42:00,"Monday",0,4,2019,00:05:00
14965,"city B",9.2,1,"bjdwe",9.2,"Wednesday",03:18:00,03:27:00,03:54:00,"Wednesday",0,5,2022,00:09:00
43732,"city C",9.2,1,"wehqk",9.2,"Tuesday",18:55:00,19:05:00,20:53:00,"Tuesday",0,5,2019,00:10:00
7978,"city A",18.4,2,"acjde",9.2,"Monday",18:09:00,18:15:00,18:55:00,"Monday",0,5,2022,00:06:00
60670,"city C",18.4,2,"wehqk",9.2,"Tuesday",19:33:00,19:43:00,20:48:00,"Tuesday",0,3,2019,00:10:00
7210,"city A",18.4,2,"acjde",9.2,"Sunday",04:02:00,04:10:00,04:37:00,"Sunday",0,4,2022,00:08:00
4205,"city A",18.4,2,"acjde",9.2,"Sunday",02:44:00,02:50:00,04:21:00,"Sunday",0,4,2020,00:06:00
5189,"city A",18.4,2,"acjde",9.2,"Saturday",04:45:00,04:54:00,06:19:00,"Saturday",0,4,2022,00:09:00
1738,"city C",18.4,2,"wehqk",9.2,"Friday",20:36:00,20:45:00,21:12:00,"Friday",0,5,2019,00:09:00
9761,"city C",18.4,2,"wehqk",9.2,"Sunday",04:09:00,04:17:00,05:35:00,"Sunday",0,4,2020,00:08:00
62744,"city B",18.4,2,"bjdwe",9.2,"Saturday",22:09:00,22:16:00,23:22:00,"Saturday",0,5,2022,00:07:00
10510,"city A",18.4,2,"acjde",9.2,"Friday",20:19:00,20:24:00,22:08:00,"Friday",0,4,2021,00:05:00
79136,"city A",18.4,2,"acjde",9.2,"Sunday",20:56:00,21:06:00,22:50:00,"Sunday",0,5,2020,00:10:00
14689,"city A",18.4,2,"acjde",9.2,"Tuesday",20:56:00,21:07:00,22:35:00,"Tuesday",0,3,2019,00:11:00
83877,"city A",18.4,2,"acjde",9.2,"Tuesday",20:12:00,20:22:00,21:20:00,"Tuesday",0,5,2021,00:10:00
3196,"city A",18.4,2,"acjde",9.2,"Sunday",20:28:00,20:35:00,21:01:00,"Sunday",0,4,2021,00:07:00
7408,"city B",18.4,2,"bjdwe",9.2,"Thursday",20:54:00,21:03:00,22:05:00,"Thursday",0,3,2021,00:09:00
5694,"city A",18.4,2,"acjde",9.2,"Sunday",20:54:00,21:04:00,22:40:00,"Sunday",0,5,2019,00:10:00
63262,"city A",27.5,3,"acjde",9.2,"Saturday",02:31:00,02:40:00,03:31:00,"Saturday",0,5,2021,00:09:00
79657,"city C",27.5,3,"wehqk",9.2,"Thursday",04:06:00,04:16:00,05:00:00,"Thursday",0,5,2021,00:10:00
95807,"city C",27.5,3,"wehqk",9.2,"Sunday",19:44:00,19:52:00,20:09:00,"Sunday",0,3,2022,00:08:00
929,"city C",27.5,3,"wehqk",9.2,"Tuesday",20:44:00,20:54:00,22:23:00,"Tuesday",0,4,2021,00:10:00
45860,"city B",27.5,3,"bjdwe",9.2,"Wednesday",05:26:00,05:35:00,06:19:00,"Wednesday",0,4,2022,00:09:00
2536,"city A",27.5,3,"acjde",9.2,"Tuesday",20:21:00,20:26:00,21:48:00,"Tuesday",0,5,2022,00:05:00
1235,"city B",18.2,2,"bjdwe",9.1,"Thursday",04:47:00,04:55:00,04:56:00,"Thursday",0,4,2021,00:08:00
195630,"city C",18.2,2,"wehqk",9.1,"Tuesday",02:41:00,02:49:00,03:01:00,"Tuesday",0,5,2021,00:08:00
14495,"city C",9.1,1,"wehqk",9.1,"Friday",03:40:00,03:45:00,04:08:00,"Friday",0,3,2019,00:05:00
6081,"city A",9.1,1,"acjde",9.1,"Friday",03:48:00,03:58:00,05:15:00,"Friday",0,3,2019,00:10:00
100102,"city B",9.1,1,"bjdwe",9.1,"Wednesday",03:36:00,03:41:00,05:35:00,"Wednesday",0,3,2019,00:05:00
13496,"city C",18.2,2,"wehqk",9.1,"Friday",03:05:00,03:15:00,04:06:00,"Friday",0,4,2022,00:10:00
10178,"city A",18.2,2,"acjde",9.1,"Wednesday",03:00:00,03:06:00,05:05:00,"Wednesday",0,5,2021,00:06:00
1573,"city A",18.2,2,"acjde",9.1,"Friday",02:33:00,02:41:00,04:14:00,"Friday",0,3,2019,00:08:00
3261,"city A",18.2,2,"acjde",9.1,"Saturday",02:59:00,03:10:00,04:04:00,"Saturday",0,3,2021,00:11:00
3924,"city A",18.2,2,"acjde",9.1,"Saturday",04:16:00,04:22:00,04:33:00,"Saturday",0,5,2020,00:06:00
28366,"city C",18.2,2,"wehqk",9.1,"Friday",03:29:00,03:35:00,04:14:00,"Friday",0,4,2019,00:06:00
1171,"city C",18.2,2,"wehqk",9.1,"Friday",19:57:00,20:05:00,21:43:00,"Friday",0,4,2022,00:08:00
60669,"city C",18.2,2,"wehqk",9.1,"Friday",05:24:00,05:29:00,05:34:00,"Friday",0,5,2022,00:05:00
13441,"city B",18.2,2,"bjdwe",9.1,"Wednesday",20:35:00,20:41:00,22:13:00,"Wednesday",0,3,2021,00:06:00
11264,"city C",18.2,2,"wehqk",9.1,"Sunday",20:44:00,20:53:00,22:50:00,"Sunday",0,3,2021,00:09:00
105310,"city B",18.2,2,"bjdwe",9.1,"Thursday",20:16:00,20:24:00,20:27:00,"Thursday",0,4,2020,00:08:00
2099,"city A",18.2,2,"acjde",9.1,"Wednesday",21:25:00,21:30:00,21:56:00,"Wednesday",0,4,2021,00:05:00
34125,"city C",18.2,2,"wehqk",9.1,"Tuesday",20:43:00,20:50:00,22:37:00,"Tuesday",0,4,2019,00:07:00
6048,"city C",18.2,2,"wehqk",9.1,"Friday",20:52:00,21:00:00,22:00:00,"Friday",0,4,2019,00:08:00
12030,"city B",18.2,2,"bjdwe",9.1,"Wednesday",19:07:00,19:13:00,19:21:00,"Wednesday",0,3,2019,00:06:00
197628,"city A",18.2,2,"acjde",9.1,"Thursday",02:09:00,02:18:00,03:32:00,"Thursday",0,4,2019,00:09:00
844,"city B",18.2,2,"bjdwe",9.1,"Friday",20:11:00,20:19:00,20:47:00,"Friday",0,3,2021,00:08:00
8276,"city B",18.2,2,"bjdwe",9.1,"Wednesday",20:02:00,20:06:00,20:16:00,"Wednesday",0,5,2021,00:04:00
4068,"city B",18.2,2,"bjdwe",9.1,"Tuesday",20:36:00,20:41:00,22:38:00,"Tuesday",0,3,2022,00:05:00
13567,"city A",18.2,2,"acjde",9.1,"Wednesday",21:59:00,22:07:00,22:21:00,"Wednesday",0,4,2020,00:08:00
14495,"city C",27.2,3,"wehqk",9.1,"Friday",03:23:00,03:32:00,04:45:00,"Friday",0,5,2019,00:09:00
56015,"city A",27.2,3,"acjde",9.1,"Thursday",20:48:00,20:58:00,21:05:00,"Thursday",0,3,2020,00:10:00
2643,"city B",27.2,3,"bjdwe",9.1,"Saturday",20:47:00,20:51:00,20:53:00,"Saturday",0,3,2020,00:04:00
63674,"city A",54.4,6,"acjde",9.1,"Sunday",02:46:00,02:53:00,04:07:00,"Sunday",0,3,2022,00:07:00
91848,"city B",90.5,10,"bjdwe",9.1,"Saturday",02:05:00,02:14:00,02:36:00,"Saturday",0,4,2019,00:09:00
38800,"city A",90.5,10,"acjde",9.1,"Monday",02:03:00,02:08:00,03:57:00,"Monday",0,5,2021,00:05:00
9408,"city A",90.5,10,"acjde",9.1,"Friday",04:03:00,04:11:00,05:43:00,"Friday",0,5,2021,00:08:00
11795,"city A",99.5,11,"acjde",9,"Saturday",01:07:00,01:16:00,02:57:00,"Saturday",0,4,2019,00:09:00
1376,"city A",99.5,11,"acjde",9,"Tuesday",03:02:00,03:09:00,05:05:00,"Tuesday",0,4,2019,00:07:00
196384,"city A",99.5,11,"acjde",9,"Monday",02:44:00,02:52:00,04:39:00,"Monday",0,3,2021,00:08:00
8083,"city A",81.4,9,"acjde",9,"Thursday",20:26:00,20:37:00,21:40:00,"Thursday",0,5,2019,00:11:00
102769,"city A",81.4,9,"acjde",9,"Wednesday",20:16:00,20:21:00,22:02:00,"Wednesday",0,4,2021,00:05:00
105568,"city C",81.4,9,"wehqk",9,"Friday",02:04:00,02:11:00,02:48:00,"Friday",0,5,2022,00:07:00
26654,"city C",81.4,9,"wehqk",9,"Saturday",04:13:00,04:21:00,05:17:00,"Saturday",0,3,2019,00:08:00
113496,"city C",81.4,9,"wehqk",9,"Tuesday",20:07:00,20:15:00,20:17:00,"Tuesday",0,3,2019,00:08:00
2456,"city C",81.3,9,"wehqk",9,"Monday",02:35:00,02:40:00,04:09:00,"Monday",0,4,2022,00:05:00
106885,"city C",27.1,3,"wehqk",9,"Thursday",02:03:00,02:13:00,03:52:00,"Thursday",0,3,2020,00:10:00
9563,"city A",81.3,9,"acjde",9,"Saturday",20:05:00,20:15:00,21:54:00,"Saturday",0,4,2021,00:10:00
47494,"city A",81.3,9,"acjde",9,"Sunday",02:28:00,02:33:00,03:21:00,"Sunday",0,5,2021,00:05:00
101672,"city B",81.3,9,"bjdwe",9,"Saturday",05:04:00,05:15:00,06:02:00,"Saturday",0,5,2019,00:11:00
45657,"city B",81.3,9,"bjdwe",9,"Thursday",23:43:00,23:54:00,01:50:00,"Thursday",0,4,2021,00:11:00
11815,"city C",27.1,3,"wehqk",9,"Monday",19:40:00,19:46:00,21:01:00,"Monday",0,3,2019,00:06:00
77803,"city B",27.1,3,"bjdwe",9,"Tuesday",19:48:00,19:59:00,21:40:00,"Tuesday",0,3,2022,00:11:00
90558,"city A",99.2,11,"acjde",9,"Friday",03:06:00,03:16:00,04:50:00,"Friday",0,3,2021,00:10:00
1573,"city A",99.2,11,"acjde",9,"Saturday",20:14:00,20:23:00,21:56:00,"Saturday",0,5,2019,00:09:00
158403,"city A",99.2,11,"acjde",9,"Friday",19:23:00,19:32:00,19:33:00,"Friday",0,4,2019,00:09:00
156692,"city C",9,1,"wehqk",9,"Sunday",02:36:00,02:45:00,02:58:00,"Sunday",0,5,2022,00:09:00
12708,"city C",81,9,"wehqk",9,"Saturday",03:52:00,04:01:00,05:02:00,"Saturday",0,4,2019,00:09:00
12980,"city B",27,3,"bjdwe",9,"Monday",02:45:00,02:53:00,04:44:00,"Monday",0,4,2019,00:08:00
108285,"city C",18,2,"wehqk",9,"Saturday",20:46:00,20:56:00,21:23:00,"Saturday",0,5,2019,00:10:00
4429,"city B",9,1,"bjdwe",9,"Tuesday",20:03:00,20:12:00,20:21:00,"Tuesday",0,5,2022,00:09:00
69801,"city C",9,1,"wehqk",9,"Sunday",03:31:00,03:41:00,04:54:00,"Sunday",0,4,2019,00:10:00
196384,"city A",81,9,"acjde",9,"Monday",01:46:00,01:54:00,03:43:00,"Monday",0,3,2021,00:08:00
91497,"city B",81,9,"bjdwe",9,"Tuesday",03:44:00,03:50:00,04:18:00,"Tuesday",0,3,2020,00:06:00
3913,"city A",81,9,"acjde",9,"Thursday",04:46:00,04:50:00,06:08:00,"Thursday",0,4,2022,00:04:00
156095,"city C",81,9,"wehqk",9,"Wednesday",20:18:00,20:27:00,21:44:00,"Wednesday",0,5,2022,00:09:00
1189,"city A",27,3,"acjde",9,"Wednesday",20:34:00,20:42:00,21:38:00,"Wednesday",0,3,2020,00:08:00
79259,"city A",18,2,"acjde",9,"Monday",04:14:00,04:25:00,04:47:00,"Monday",0,3,2021,00:11:00
552,"city C",18,2,"wehqk",9,"Wednesday",03:29:00,03:38:00,03:56:00,"Wednesday",0,3,2021,00:09:00
2562,"city A",18,2,"acjde",9,"Thursday",03:16:00,03:25:00,04:14:00,"Thursday",0,3,2020,00:09:00
77988,"city A",18,2,"acjde",9,"Tuesday",18:45:00,18:53:00,20:27:00,"Tuesday",0,3,2022,00:08:00
1011,"city B",18,2,"bjdwe",9,"Saturday",20:12:00,20:19:00,21:13:00,"Saturday",0,3,2022,00:07:00
13447,"city C",18,2,"wehqk",9,"Monday",03:57:00,04:05:00,04:21:00,"Monday",0,5,2019,00:08:00
76264,"city B",18,2,"bjdwe",9,"Friday",20:21:00,20:31:00,21:45:00,"Friday",0,5,2022,00:10:00
1457,"city C",18,2,"wehqk",9,"Sunday",00:30:00,00:39:00,02:10:00,"Sunday",0,4,2021,00:09:00
93954,"city B",18,2,"bjdwe",9,"Saturday",02:59:00,03:10:00,04:59:00,"Saturday",0,3,2021,00:11:00
93954,"city B",18,2,"bjdwe",9,"Wednesday",03:51:00,04:02:00,04:29:00,"Wednesday",0,5,2021,00:11:00
63674,"city A",18,2,"acjde",9,"Sunday",19:58:00,20:06:00,22:00:00,"Sunday",0,3,2022,00:08:00
91848,"city B",18,2,"bjdwe",9,"Saturday",02:19:00,02:24:00,02:37:00,"Saturday",0,3,2019,00:05:00
41031,"city C",18,2,"wehqk",9,"Friday",20:42:00,20:52:00,22:26:00,"Friday",0,5,2019,00:10:00
144,"city B",18,2,"bjdwe",9,"Thursday",20:21:00,20:26:00,21:52:00,"Thursday",0,3,2019,00:05:00
3924,"city A",18,2,"acjde",9,"Monday",00:13:00,00:18:00,00:50:00,"Monday",0,4,2020,00:05:00
106159,"city B",18,2,"bjdwe",9,"Thursday",02:27:00,02:36:00,04:23:00,"Thursday",0,5,2021,00:09:00
105568,"city C",18,2,"wehqk",9,"Friday",02:17:00,02:21:00,04:18:00,"Friday",0,5,2022,00:04:00
2229,"city A",18,2,"acjde",9,"Sunday",19:41:00,19:50:00,20:29:00,"Sunday",0,3,2021,00:09:00
106179,"city C",18,2,"wehqk",9,"Friday",20:40:00,20:49:00,21:52:00,"Friday",0,4,2022,00:09:00
25813,"city A",18,2,"acjde",9,"Monday",20:11:00,20:17:00,21:35:00,"Monday",0,3,2022,00:06:00
114,"city A",26.9,3,"acjde",9,"Wednesday",02:06:00,02:17:00,02:25:00,"Wednesday",0,3,2020,00:11:00
43732,"city C",26.9,3,"wehqk",9,"Saturday",02:25:00,02:29:00,03:14:00,"Saturday",0,3,2019,00:04:00
23456,"city C",26.9,3,"wehqk",9,"Saturday",05:41:00,05:50:00,05:51:00,"Saturday",0,4,2020,00:09:00
13526,"city B",26.9,3,"bjdwe",9,"Sunday",20:08:00,20:12:00,21:27:00,"Sunday",0,5,2020,00:04:00
79146,"city B",26.9,3,"bjdwe",9,"Wednesday",03:00:00,03:06:00,04:19:00,"Wednesday",0,3,2020,00:06:00
2999,"city C",26.9,3,"wehqk",9,"Friday",19:54:00,20:02:00,20:55:00,"Friday",0,4,2019,00:08:00
2787,"city A",17.9,2,"acjde",9,"Friday",01:26:00,01:30:00,03:23:00,"Friday",0,4,2021,00:04:00
13752,"city B",17.9,2,"bjdwe",9,"Monday",02:54:00,03:01:00,03:46:00,"Monday",0,4,2021,00:07:00
47494,"city A",17.9,2,"acjde",9,"Wednesday",18:17:00,18:21:00,20:15:00,"Wednesday",0,5,2021,00:04:00
90558,"city A",17.9,2,"acjde",9,"Wednesday",03:02:00,03:09:00,04:17:00,"Wednesday",0,5,2021,00:07:00
56015,"city A",17.9,2,"acjde",9,"Monday",02:38:00,02:47:00,03:02:00,"Monday",0,4,2020,00:09:00
2541,"city C",17.9,2,"wehqk",9,"Saturday",20:11:00,20:16:00,20:48:00,"Saturday",0,5,2019,00:05:00
7081,"city A",17.9,2,"acjde",9,"Sunday",20:01:00,20:09:00,21:11:00,"Sunday",0,3,2020,00:08:00
62969,"city A",17.9,2,"acjde",9,"Sunday",03:00:00,03:06:00,04:30:00,"Sunday",0,5,2021,00:06:00
106154,"city C",8.9,1,"wehqk",8.9,"Tuesday",02:18:00,02:24:00,03:37:00,"Tuesday",0,3,2021,00:06:00
111132,"city B",8.9,1,"bjdwe",8.9,"Friday",19:21:00,19:28:00,20:23:00,"Friday",0,3,2022,00:07:00
23309,"city B",8.9,1,"bjdwe",8.9,"Wednesday",20:44:00,20:48:00,22:32:00,"Wednesday",0,4,2020,00:04:00
9512,"city A",62,7,"acjde",8.9,"Wednesday",03:12:00,03:23:00,04:18:00,"Wednesday",0,5,2020,00:11:00
83205,"city C",62,7,"wehqk",8.9,"Monday",02:50:00,02:56:00,04:37:00,"Monday",0,5,2019,00:06:00
1235,"city B",44.3,5,"bjdwe",8.9,"Sunday",02:09:00,02:14:00,03:53:00,"Sunday",0,5,2021,00:05:00
1096,"city A",8.9,1,"acjde",8.9,"Saturday",18:55:00,19:02:00,20:19:00,"Saturday",0,4,2021,00:07:00
1173,"city A",8.9,1,"acjde",8.9,"Monday",20:43:00,20:47:00,22:46:00,"Monday",0,4,2021,00:04:00
75877,"city B",17.7,2,"bjdwe",8.9,"Sunday",04:03:00,04:11:00,04:54:00,"Sunday",0,4,2021,00:08:00
6477,"city B",17.7,2,"bjdwe",8.9,"Tuesday",01:08:00,01:17:00,01:35:00,"Tuesday",0,3,2019,00:09:00
77537,"city C",17.7,2,"wehqk",8.9,"Friday",20:09:00,20:14:00,21:56:00,"Friday",0,3,2019,00:05:00
77537,"city C",17.7,2,"wehqk",8.9,"Monday",03:04:00,03:10:00,03:37:00,"Monday",0,3,2019,00:06:00
13807,"city A",17.7,2,"acjde",8.9,"Wednesday",20:12:00,20:17:00,21:28:00,"Wednesday",0,4,2021,00:05:00
9792,"city C",17.7,2,"wehqk",8.9,"Monday",04:29:00,04:35:00,05:58:00,"Monday",0,4,2021,00:06:00
4765,"city C",17.7,2,"wehqk",8.9,"Monday",19:59:00,20:07:00,20:12:00,"Monday",0,4,2020,00:08:00
4535,"city B",17.7,2,"bjdwe",8.9,"Wednesday",20:35:00,20:44:00,21:07:00,"Wednesday",0,3,2020,00:09:00
80104,"city C",70.6,8,"wehqk",8.8,"Sunday",02:04:00,02:09:00,02:25:00,"Sunday",0,4,2019,00:05:00
197636,"city C",35.3,4,"wehqk",8.8,"Saturday",02:41:00,02:46:00,04:36:00,"Saturday",0,4,2020,00:05:00
4431,"city A",70.6,8,"acjde",8.8,"Sunday",23:31:00,23:39:00,00:52:00,"Sunday",0,3,2021,00:08:00
113442,"city A",70.6,8,"acjde",8.8,"Monday",02:51:00,03:00:00,03:09:00,"Monday",0,3,2022,00:09:00
111239,"city C",35.3,4,"wehqk",8.8,"Tuesday",00:23:00,00:33:00,01:25:00,"Tuesday",0,4,2019,00:10:00
5403,"city B",61.6,7,"bjdwe",8.8,"Sunday",23:12:00,23:23:00,00:56:00,"Sunday",0,5,2021,00:11:00
9350,"city B",61.6,7,"bjdwe",8.8,"Monday",02:10:00,02:16:00,03:34:00,"Monday",0,3,2021,00:06:00
67104,"city C",70.3,8,"wehqk",8.8,"Tuesday",03:28:00,03:33:00,04:17:00,"Tuesday",0,3,2022,00:05:00
199572,"city B",70.3,8,"bjdwe",8.8,"Saturday",21:32:00,21:42:00,22:39:00,"Saturday",0,3,2022,00:10:00
1738,"city C",70.3,8,"wehqk",8.8,"Saturday",02:37:00,02:47:00,03:51:00,"Saturday",0,4,2019,00:10:00
113496,"city C",70.1,8,"wehqk",8.8,"Saturday",00:11:00,00:15:00,00:20:00,"Saturday",0,5,2019,00:04:00
459,"city A",70.1,8,"acjde",8.8,"Friday",04:28:00,04:39:00,05:33:00,"Friday",0,4,2020,00:11:00
3891,"city A",70.1,8,"acjde",8.8,"Saturday",21:19:00,21:24:00,22:51:00,"Saturday",0,5,2022,00:05:00
6184,"city B",78.9,9,"bjdwe",8.8,"Friday",02:30:00,02:36:00,03:26:00,"Friday",0,4,2019,00:06:00
102289,"city A",78.9,9,"acjde",8.8,"Tuesday",03:21:00,03:28:00,04:48:00,"Tuesday",0,5,2020,00:07:00
106159,"city B",78.9,9,"bjdwe",8.8,"Monday",02:00:00,02:06:00,02:57:00,"Monday",0,3,2021,00:06:00
156011,"city B",78.9,9,"bjdwe",8.8,"Monday",00:05:00,00:10:00,00:16:00,"Monday",0,3,2019,00:05:00
7214,"city B",78.9,9,"bjdwe",8.8,"Thursday",19:20:00,19:29:00,20:46:00,"Thursday",0,3,2020,00:09:00
44301,"city B",78.6,9,"bjdwe",8.7,"Friday",03:25:00,03:31:00,04:04:00,"Friday",0,5,2020,00:06:00
7081,"city A",78.6,9,"acjde",8.7,"Monday",02:47:00,02:54:00,03:32:00,"Monday",0,3,2020,00:07:00
68011,"city B",78.6,9,"bjdwe",8.7,"Tuesday",03:22:00,03:29:00,05:18:00,"Tuesday",0,5,2019,00:07:00
192310,"city B",78.6,9,"bjdwe",8.7,"Friday",20:39:00,20:49:00,22:42:00,"Friday",0,5,2020,00:10:00
75081,"city B",78.6,9,"bjdwe",8.7,"Wednesday",20:01:00,20:12:00,21:52:00,"Wednesday",0,3,2021,00:11:00
26789,"city C",87.3,10,"wehqk",8.7,"Sunday",02:17:00,02:27:00,02:58:00,"Sunday",0,5,2019,00:10:00
10178,"city A",87.3,10,"acjde",8.7,"Monday",20:20:00,20:29:00,22:15:00,"Monday",0,4,2021,00:09:00
4205,"city A",87.3,10,"acjde",8.7,"Thursday",20:30:00,20:40:00,20:43:00,"Thursday",0,5,2020,00:10:00
91070,"city B",69.8,8,"bjdwe",8.7,"Saturday",04:01:00,04:10:00,05:40:00,"Saturday",0,5,2021,00:09:00
113442,"city A",69.8,8,"acjde",8.7,"Saturday",02:13:00,02:17:00,02:37:00,"Saturday",0,4,2022,00:04:00
14588,"city B",69.8,8,"bjdwe",8.7,"Monday",03:35:00,03:40:00,04:00:00,"Monday",0,5,2019,00:05:00
43051,"city C",8.7,1,"wehqk",8.7,"Sunday",19:32:00,19:37:00,21:37:00,"Sunday",0,4,2021,00:05:00
74479,"city C",8.7,1,"wehqk",8.7,"Saturday",00:29:00,00:34:00,00:37:00,"Saturday",0,4,2020,00:05:00
105568,"city C",26,3,"wehqk",8.7,"Saturday",04:01:00,04:05:00,04:52:00,"Saturday",0,3,2022,00:04:00
15587,"city C",26,3,"wehqk",8.7,"Thursday",01:53:00,01:59:00,02:57:00,"Thursday",0,4,2019,00:06:00
83814,"city A",26,3,"acjde",8.7,"Monday",20:28:00,20:39:00,22:25:00,"Monday",0,5,2019,00:11:00
10617,"city B",26,3,"bjdwe",8.7,"Wednesday",21:09:00,21:14:00,22:37:00,"Wednesday",0,4,2021,00:05:00
888,"city C",60.6,7,"wehqk",8.7,"Wednesday",04:01:00,04:05:00,05:53:00,"Wednesday",0,4,2019,00:04:00
157562,"city A",60.6,7,"acjde",8.7,"Sunday",01:24:00,01:35:00,02:58:00,"Sunday",0,5,2019,00:11:00
9791,"city C",17.3,2,"wehqk",8.7,"Saturday",02:38:00,02:48:00,04:30:00,"Saturday",0,3,2022,00:10:00
106885,"city C",17.3,2,"wehqk",8.7,"Sunday",02:37:00,02:42:00,03:20:00,"Sunday",0,4,2020,00:05:00
57721,"city C",17.3,2,"wehqk",8.7,"Tuesday",04:02:00,04:11:00,04:31:00,"Tuesday",0,3,2021,00:09:00
1808,"city C",17.3,2,"wehqk",8.7,"Saturday",20:17:00,20:24:00,22:19:00,"Saturday",0,3,2022,00:07:00
114,"city A",25.9,3,"acjde",8.6,"Friday",02:31:00,02:40:00,03:23:00,"Friday",0,3,2020,00:09:00
96351,"city A",25.9,3,"acjde",8.6,"Thursday",01:02:00,01:06:00,02:48:00,"Thursday",0,3,2020,00:04:00
5634,"city C",25.9,3,"wehqk",8.6,"Tuesday",20:43:00,20:47:00,21:00:00,"Tuesday",0,3,2021,00:04:00
10440,"city A",25.9,3,"acjde",8.6,"Friday",22:27:00,22:35:00,23:59:00,"Friday",0,3,2022,00:08:00
1639,"city B",43.2,5,"bjdwe",8.6,"Friday",05:34:00,05:38:00,05:58:00,"Friday",0,3,2021,00:04:00
9795,"city B",34.5,4,"bjdwe",8.6,"Thursday",01:26:00,01:31:00,03:05:00,"Thursday",0,5,2021,00:05:00
63430,"city A",34.5,4,"acjde",8.6,"Saturday",20:20:00,20:29:00,21:27:00,"Saturday",0,5,2021,00:09:00
68226,"city C",8.6,1,"wehqk",8.6,"Saturday",02:30:00,02:34:00,04:24:00,"Saturday",0,5,2021,00:04:00
80891,"city A",8.6,1,"acjde",8.6,"Saturday",01:31:00,01:39:00,02:00:00,"Saturday",0,5,2021,00:08:00
2999,"city C",25.7,3,"wehqk",8.6,"Saturday",01:31:00,01:38:00,03:38:00,"Saturday",0,3,2019,00:07:00
10617,"city B",25.7,3,"bjdwe",8.6,"Monday",04:19:00,04:24:00,05:31:00,"Monday",0,3,2021,00:05:00
8857,"city C",25.7,3,"wehqk",8.6,"Tuesday",20:21:00,20:31:00,21:35:00,"Tuesday",0,5,2020,00:10:00
77550,"city C",25.7,3,"wehqk",8.6,"Sunday",00:22:00,00:31:00,01:02:00,"Sunday",0,4,2020,00:09:00
113424,"city B",85.5,10,"bjdwe",8.6,"Monday",02:22:00,02:26:00,04:08:00,"Monday",0,3,2019,00:04:00
42853,"city B",17.1,2,"bjdwe",8.6,"Tuesday",02:41:00,02:48:00,03:21:00,"Tuesday",0,5,2022,00:07:00
157562,"city A",17.1,2,"acjde",8.6,"Wednesday",20:12:00,20:16:00,20:40:00,"Wednesday",0,3,2019,00:04:00
112302,"city B",85.5,10,"bjdwe",8.6,"Monday",03:10:00,03:18:00,05:14:00,"Monday",0,4,2022,00:08:00
79435,"city A",17.1,2,"acjde",8.6,"Tuesday",00:29:00,00:39:00,02:39:00,"Tuesday",0,4,2022,00:10:00
10138,"city C",17.1,2,"wehqk",8.6,"Saturday",20:26:00,20:33:00,21:32:00,"Saturday",0,4,2019,00:07:00
98669,"city B",85.5,10,"bjdwe",8.6,"Friday",19:48:00,19:57:00,21:09:00,"Friday",0,3,2020,00:09:00
92300,"city A",17.1,2,"acjde",8.6,"Sunday",02:21:00,02:30:00,03:32:00,"Sunday",0,5,2020,00:09:00
69801,"city C",17.1,2,"wehqk",8.6,"Thursday",03:17:00,03:23:00,05:01:00,"Thursday",0,4,2019,00:06:00
6047,"city A",17.1,2,"acjde",8.6,"Thursday",03:29:00,03:38:00,04:08:00,"Thursday",0,4,2022,00:09:00
91070,"city B",17.1,2,"bjdwe",8.6,"Friday",20:29:00,20:38:00,22:07:00,"Friday",0,5,2021,00:09:00
54344,"city C",34.2,4,"wehqk",8.5,"Saturday",01:43:00,01:47:00,02:23:00,"Saturday",0,5,2020,00:04:00
13631,"city B",34.2,4,"bjdwe",8.5,"Friday",00:45:00,00:54:00,00:56:00,"Friday",0,4,2021,00:09:00
72104,"city C",34.1,4,"wehqk",8.5,"Wednesday",01:23:00,01:33:00,02:12:00,"Wednesday",0,3,2019,00:10:00
7200,"city C",8.5,1,"wehqk",8.5,"Monday",01:18:00,01:28:00,01:31:00,"Monday",0,5,2020,00:10:00
1934,"city A",8.5,1,"acjde",8.5,"Wednesday",00:49:00,00:57:00,02:53:00,"Wednesday",0,4,2021,00:08:00
8000,"city A",8.5,1,"acjde",8.5,"Monday",01:14:00,01:24:00,01:45:00,"Monday",0,5,2020,00:10:00
99165,"city C",8.5,1,"wehqk",8.5,"Saturday",04:48:00,04:57:00,05:02:00,"Saturday",0,3,2020,00:09:00
8114,"city A",8.5,1,"acjde",8.5,"Thursday",20:29:00,20:34:00,21:23:00,"Thursday",0,5,2019,00:05:00
9799,"city A",25.4,3,"acjde",8.5,"Monday",02:14:00,02:20:00,04:16:00,"Monday",0,5,2021,00:06:00
8449,"city A",25.4,3,"acjde",8.5,"Wednesday",19:28:00,19:37:00,20:50:00,"Wednesday",0,4,2019,00:09:00
77550,"city C",67.6,8,"wehqk",8.5,"Thursday",02:37:00,02:42:00,04:36:00,"Thursday",0,5,2020,00:05:00
56063,"city B",67.6,8,"bjdwe",8.5,"Friday",20:21:00,20:30:00,21:26:00,"Friday",0,4,2020,00:09:00
59776,"city A",67.6,8,"acjde",8.5,"Wednesday",04:03:00,04:10:00,04:56:00,"Wednesday",0,4,2020,00:07:00
3005,"city B",59.1,7,"bjdwe",8.4,"Friday",04:38:00,04:46:00,05:51:00,"Friday",0,3,2022,00:08:00
79435,"city A",59.1,7,"acjde",8.4,"Thursday",04:17:00,04:27:00,05:28:00,"Thursday",0,4,2022,00:10:00
6047,"city A",33.7,4,"acjde",8.4,"Saturday",20:20:00,20:28:00,21:21:00,"Saturday",0,5,2022,00:08:00
4429,"city B",58.8,7,"bjdwe",8.4,"Thursday",01:38:00,01:47:00,03:35:00,"Thursday",0,3,2022,00:09:00
68011,"city B",16.8,2,"bjdwe",8.4,"Wednesday",03:03:00,03:13:00,03:34:00,"Wednesday",0,5,2019,00:10:00
12300,"city C",16.8,2,"wehqk",8.4,"Monday",20:31:00,20:40:00,22:35:00,"Monday",0,5,2019,00:09:00
109936,"city C",8.4,1,"wehqk",8.4,"Thursday",04:06:00,04:14:00,04:52:00,"Thursday",0,5,2021,00:08:00
75781,"city C",8.4,1,"wehqk",8.4,"Friday",20:07:00,20:12:00,20:16:00,"Friday",0,4,2019,00:05:00
194152,"city A",8.4,1,"acjde",8.4,"Friday",19:12:00,19:16:00,19:39:00,"Friday",0,4,2022,00:04:00
1210,"city C",8.4,1,"wehqk",8.4,"Monday",02:48:00,02:58:00,04:07:00,"Monday",0,3,2022,00:10:00
57966,"city B",8.4,1,"bjdwe",8.4,"Friday",03:11:00,03:15:00,04:18:00,"Friday",0,3,2020,00:04:00
8083,"city A",8.4,1,"acjde",8.4,"Sunday",03:09:00,03:15:00,04:36:00,"Sunday",0,5,2019,00:06:00
69975,"city A",58.8,7,"acjde",8.4,"Monday",18:59:00,19:06:00,19:13:00,"Monday",0,5,2022,00:07:00
105253,"city B",16.8,2,"bjdwe",8.4,"Friday",03:33:00,03:42:00,04:51:00,"Friday",0,3,2020,00:09:00
194008,"city C",16.8,2,"wehqk",8.4,"Sunday",22:29:00,22:33:00,00:13:00,"Sunday",0,4,2022,00:04:00
1796,"city B",16.8,2,"bjdwe",8.4,"Friday",22:59:00,23:03:00,23:37:00,"Friday",0,3,2021,00:04:00
3006,"city A",16.8,2,"acjde",8.4,"Friday",22:23:00,22:32:00,22:55:00,"Friday",0,5,2020,00:09:00
14588,"city B",16.8,2,"bjdwe",8.4,"Tuesday",20:29:00,20:37:00,22:30:00,"Tuesday",0,4,2019,00:08:00
11721,"city C",16.8,2,"wehqk",8.4,"Wednesday",21:46:00,21:51:00,22:15:00,"Wednesday",0,5,2019,00:05:00
18376,"city A",16.7,2,"acjde",8.4,"Thursday",03:23:00,03:34:00,05:31:00,"Thursday",0,4,2019,00:11:00
13018,"city B",16.7,2,"bjdwe",8.4,"Monday",04:00:00,04:09:00,04:23:00,"Monday",0,5,2020,00:09:00
3891,"city A",16.7,2,"acjde",8.4,"Saturday",03:17:00,03:26:00,05:22:00,"Saturday",0,5,2022,00:09:00
86464,"city A",16.7,2,"acjde",8.4,"Thursday",20:48:00,20:57:00,21:12:00,"Thursday",0,4,2019,00:09:00
100052,"city C",16.7,2,"wehqk",8.4,"Monday",03:00:00,03:11:00,04:23:00,"Monday",0,4,2022,00:11:00
8656,"city A",16.7,2,"acjde",8.4,"Sunday",18:19:00,18:29:00,20:03:00,"Sunday",0,3,2019,00:10:00
17801,"city B",16.7,2,"bjdwe",8.4,"Tuesday",04:27:00,04:36:00,06:13:00,"Tuesday",0,4,2019,00:09:00
8007,"city A",16.7,2,"acjde",8.4,"Tuesday",20:03:00,20:14:00,21:09:00,"Tuesday",0,3,2021,00:11:00
79435,"city A",100,12,"acjde",8.3,"Saturday",02:50:00,03:00:00,04:20:00,"Saturday",0,1,2022,00:10:00
8000,"city A",25,3,"acjde",8.3,"Friday",03:03:00,03:12:00,04:07:00,"Friday",0,5,2020,00:09:00
90330,"city C",25,3,"wehqk",8.3,"Saturday",02:27:00,02:38:00,02:40:00,"Saturday",0,4,2020,00:11:00
9796,"city C",25,3,"wehqk",8.3,"Tuesday",03:39:00,03:50:00,04:12:00,"Tuesday",0,3,2021,00:11:00
6116,"city B",25,3,"bjdwe",8.3,"Saturday",20:01:00,20:12:00,20:51:00,"Saturday",0,5,2021,00:11:00
12153,"city C",25,3,"wehqk",8.3,"Thursday",18:48:00,18:57:00,20:17:00,"Thursday",0,3,2019,00:09:00
7375,"city C",33.3,4,"wehqk",8.3,"Wednesday",02:23:00,02:34:00,03:48:00,"Wednesday",0,5,2022,00:11:00
199572,"city B",91.6,11,"bjdwe",8.3,"Thursday",04:30:00,04:39:00,05:07:00,"Thursday",0,3,2022,00:09:00
156692,"city C",91.6,11,"wehqk",8.3,"Friday",19:50:00,20:00:00,20:46:00,"Friday",0,5,2022,00:10:00
45831,"city A",91.6,11,"acjde",8.3,"Monday",19:43:00,19:54:00,20:45:00,"Monday",0,4,2020,00:11:00
7978,"city A",25,3,"acjde",8.3,"Wednesday",02:20:00,02:30:00,03:13:00,"Wednesday",0,5,2022,00:10:00
18376,"city A",25,3,"acjde",8.3,"Saturday",03:11:00,03:20:00,05:20:00,"Saturday",0,4,2019,00:09:00
106154,"city C",99.7,12,"wehqk",8.3,"Friday",01:29:00,01:38:00,03:10:00,"Friday",0,5,2021,00:09:00
62969,"city A",99.7,12,"acjde",8.3,"Wednesday",03:05:00,03:14:00,05:04:00,"Wednesday",0,4,2021,00:09:00
5804,"city A",99.7,12,"acjde",8.3,"Wednesday",02:58:00,03:09:00,03:21:00,"Wednesday",0,5,2020,00:11:00
105568,"city C",8.3,1,"wehqk",8.3,"Sunday",22:35:00,22:45:00,23:54:00,"Sunday",0,5,2022,00:10:00
14739,"city A",8.3,1,"acjde",8.3,"Tuesday",02:22:00,02:33:00,04:27:00,"Tuesday",0,5,2019,00:11:00
101840,"city C",91.3,11,"wehqk",8.3,"Saturday",02:41:00,02:52:00,04:18:00,"Saturday",0,3,2020,00:11:00
8007,"city A",24.9,3,"acjde",8.3,"Wednesday",03:59:00,04:09:00,05:19:00,"Wednesday",0,4,2021,00:10:00
87589,"city C",91.3,11,"wehqk",8.3,"Friday",19:05:00,19:15:00,19:32:00,"Friday",0,3,2022,00:10:00
7248,"city A",91.3,11,"acjde",8.3,"Tuesday",03:39:00,03:50:00,04:52:00,"Tuesday",0,3,2020,00:11:00
3000,"city B",24.9,3,"bjdwe",8.3,"Tuesday",03:15:00,03:25:00,04:58:00,"Tuesday",0,5,2021,00:10:00
6609,"city B",82.8,10,"bjdwe",8.3,"Saturday",01:09:00,01:19:00,01:39:00,"Saturday",0,3,2022,00:10:00
77550,"city C",82.8,10,"wehqk",8.3,"Friday",04:07:00,04:17:00,04:42:00,"Friday",0,4,2020,00:10:00
93902,"city B",82.8,10,"bjdwe",8.3,"Tuesday",02:42:00,02:53:00,03:55:00,"Tuesday",0,4,2019,00:11:00
144,"city B",16.5,2,"bjdwe",8.3,"Monday",02:17:00,02:26:00,03:37:00,"Monday",0,5,2019,00:09:00
8688,"city C",16.5,2,"wehqk",8.3,"Tuesday",02:18:00,02:29:00,03:12:00,"Tuesday",0,5,2020,00:11:00
106154,"city C",16.5,2,"wehqk",8.3,"Thursday",21:32:00,21:43:00,22:28:00,"Thursday",0,3,2021,00:11:00
1796,"city B",16.5,2,"bjdwe",8.3,"Friday",03:26:00,03:37:00,04:19:00,"Friday",0,4,2021,00:11:00
3000,"city B",65.9,8,"bjdwe",8.2,"Sunday",04:34:00,04:43:00,06:28:00,"Sunday",0,5,2021,00:09:00
13489,"city A",33,4,"acjde",8.2,"Saturday",02:17:00,02:26:00,02:49:00,"Saturday",0,3,2020,00:09:00
5673,"city C",65.9,8,"wehqk",8.2,"Wednesday",20:30:00,20:40:00,20:53:00,"Wednesday",0,5,2020,00:10:00
100102,"city B",65.9,8,"bjdwe",8.2,"Saturday",20:21:00,20:31:00,21:26:00,"Saturday",0,3,2019,00:10:00
79657,"city C",24.7,3,"wehqk",8.2,"Thursday",01:48:00,01:58:00,02:37:00,"Thursday",0,3,2021,00:10:00
3319,"city C",24.7,3,"wehqk",8.2,"Sunday",02:28:00,02:37:00,03:26:00,"Sunday",0,4,2020,00:09:00
497,"city A",24.7,3,"acjde",8.2,"Thursday",05:52:00,06:02:00,07:03:00,"Thursday",0,3,2022,00:10:00
3657,"city B",24.7,3,"bjdwe",8.2,"Saturday",20:04:00,20:15:00,20:28:00,"Saturday",0,5,2019,00:11:00
550,"city B",90.3,11,"bjdwe",8.2,"Sunday",03:58:00,04:07:00,04:18:00,"Sunday",0,3,2019,00:09:00
74371,"city B",90.3,11,"bjdwe",8.2,"Saturday",19:54:00,20:04:00,21:43:00,"Saturday",0,3,2019,00:10:00
156011,"city B",90.3,11,"bjdwe",8.2,"Thursday",02:14:00,02:25:00,03:42:00,"Thursday",0,5,2019,00:11:00
7408,"city B",73.8,9,"bjdwe",8.2,"Monday",02:12:00,02:23:00,04:05:00,"Monday",0,3,2021,00:11:00
4484,"city C",16.4,2,"wehqk",8.2,"Tuesday",20:21:00,20:31:00,20:53:00,"Tuesday",0,3,2020,00:10:00
194152,"city A",16.4,2,"acjde",8.2,"Saturday",02:11:00,02:22:00,03:05:00,"Saturday",0,3,2022,00:11:00
113389,"city B",8.2,1,"bjdwe",8.2,"Friday",02:38:00,02:48:00,03:00:00,"Friday",0,3,2021,00:10:00
11825,"city A",8.2,1,"acjde",8.2,"Tuesday",05:26:00,05:37:00,06:46:00,"Tuesday",0,4,2020,00:11:00
1934,"city A",73.8,9,"acjde",8.2,"Friday",03:10:00,03:21:00,04:42:00,"Friday",0,5,2021,00:11:00
15647,"city B",73.8,9,"bjdwe",8.2,"Wednesday",20:22:00,20:33:00,22:14:00,"Wednesday",0,4,2020,00:11:00
80891,"city A",16.4,2,"acjde",8.2,"Wednesday",04:07:00,04:17:00,05:39:00,"Wednesday",0,4,2021,00:10:00
8276,"city B",16.4,2,"bjdwe",8.2,"Sunday",02:20:00,02:31:00,03:45:00,"Sunday",0,5,2021,00:11:00
896,"city C",73.8,9,"wehqk",8.2,"Friday",19:10:00,19:20:00,20:46:00,"Friday",0,5,2021,00:10:00
5550,"city C",16.4,2,"wehqk",8.2,"Saturday",02:59:00,03:08:00,04:31:00,"Saturday",0,5,2019,00:09:00
1424,"city C",16.4,2,"wehqk",8.2,"Wednesday",18:20:00,18:30:00,18:58:00,"Wednesday",0,4,2020,00:10:00
13846,"city A",73.8,9,"acjde",8.2,"Wednesday",20:46:00,20:55:00,22:34:00,"Wednesday",0,4,2020,00:09:00
68187,"city A",16.4,2,"acjde",8.2,"Tuesday",03:55:00,04:06:00,05:01:00,"Tuesday",0,3,2021,00:11:00
82591,"city A",16.4,2,"acjde",8.2,"Sunday",03:10:00,03:20:00,04:04:00,"Sunday",0,5,2022,00:10:00
190940,"city A",73.8,9,"acjde",8.2,"Thursday",20:33:00,20:42:00,21:13:00,"Thursday",0,4,2021,00:09:00
10510,"city A",32.8,4,"acjde",8.2,"Friday",02:54:00,03:05:00,05:05:00,"Friday",0,4,2021,00:11:00
15647,"city B",32.5,4,"bjdwe",8.1,"Wednesday",03:04:00,03:13:00,05:00:00,"Wednesday",0,4,2020,00:09:00
4093,"city C",89.1,11,"wehqk",8.1,"Sunday",01:52:00,02:03:00,03:37:00,"Sunday",0,3,2019,00:11:00
194008,"city C",89.1,11,"wehqk",8.1,"Friday",02:50:00,02:59:00,03:32:00,"Friday",0,4,2022,00:09:00
13752,"city B",89.1,11,"bjdwe",8.1,"Tuesday",20:30:00,20:39:00,21:26:00,"Tuesday",0,5,2021,00:09:00
156692,"city C",24.3,3,"wehqk",8.1,"Wednesday",02:17:00,02:26:00,04:04:00,"Wednesday",0,5,2022,00:09:00
12881,"city A",8.1,1,"acjde",8.1,"Monday",19:18:00,19:28:00,21:03:00,"Monday",0,4,2022,00:10:00
13752,"city B",8.1,1,"bjdwe",8.1,"Wednesday",03:31:00,03:41:00,04:56:00,"Wednesday",0,4,2021,00:10:00
7452,"city B",24.3,3,"bjdwe",8.1,"Monday",21:47:00,21:58:00,22:55:00,"Monday",0,5,2020,00:11:00
75107,"city B",96.4,12,"bjdwe",8,"Saturday",02:15:00,02:26:00,03:13:00,"Saturday",0,4,2021,00:11:00
23309,"city B",24.1,3,"bjdwe",8,"Friday",02:34:00,02:43:00,03:38:00,"Friday",0,4,2020,00:09:00
1992,"city A",24.1,3,"acjde",8,"Saturday",04:04:00,04:15:00,04:24:00,"Saturday",0,3,2019,00:11:00
4924,"city B",96.4,12,"bjdwe",8,"Sunday",18:28:00,18:39:00,20:12:00,"Sunday",0,3,2019,00:11:00
60670,"city C",96.4,12,"wehqk",8,"Thursday",02:26:00,02:36:00,03:51:00,"Thursday",0,3,2019,00:10:00
72104,"city C",24.1,3,"wehqk",8,"Wednesday",21:29:00,21:38:00,22:48:00,"Wednesday",0,5,2019,00:09:00
1901,"city B",24.1,3,"bjdwe",8,"Tuesday",04:11:00,04:22:00,05:12:00,"Tuesday",0,3,2021,00:11:00
4983,"city A",24.1,3,"acjde",8,"Sunday",23:18:00,23:28:00,23:56:00,"Sunday",0,5,2020,00:10:00
195630,"city C",24.1,3,"wehqk",8,"Friday",21:11:00,21:20:00,21:47:00,"Friday",0,3,2021,00:09:00
2177,"city A",96.1,12,"acjde",8,"Saturday",02:10:00,02:19:00,03:05:00,"Saturday",0,3,2019,00:09:00
79156,"city A",96.1,12,"acjde",8,"Monday",03:06:00,03:17:00,04:13:00,"Monday",0,5,2022,00:11:00
2639,"city C",96.1,12,"wehqk",8,"Tuesday",20:06:00,20:15:00,21:06:00,"Tuesday",0,3,2022,00:09:00
28879,"city A",96,12,"acjde",8,"Sunday",02:12:00,02:22:00,03:00:00,"Sunday",0,4,2020,00:10:00
196384,"city A",16,2,"acjde",8,"Thursday",02:40:00,02:50:00,04:00:00,"Thursday",0,4,2021,00:10:00
83710,"city B",16,2,"bjdwe",8,"Saturday",04:18:00,04:29:00,05:31:00,"Saturday",0,4,2020,00:11:00
14739,"city A",16,2,"acjde",8,"Saturday",05:24:00,05:33:00,07:32:00,"Saturday",0,5,2019,00:09:00
67988,"city C",16,2,"wehqk",8,"Friday",02:46:00,02:55:00,04:35:00,"Friday",0,3,2021,00:09:00
79136,"city A",8,1,"acjde",8,"Friday",02:51:00,03:00:00,03:32:00,"Friday",0,4,2020,00:09:00
83710,"city B",96,12,"bjdwe",8,"Wednesday",03:39:00,03:50:00,04:55:00,"Wednesday",0,3,2020,00:11:00
7050,"city B",16,2,"bjdwe",8,"Thursday",05:57:00,06:06:00,07:44:00,"Thursday",0,3,2020,00:09:00
157562,"city A",16,2,"acjde",8,"Friday",02:50:00,03:00:00,03:16:00,"Friday",0,4,2019,00:10:00
88846,"city A",96,12,"acjde",8,"Wednesday",04:47:00,04:56:00,05:39:00,"Wednesday",0,5,2020,00:09:00
11615,"city A",16,2,"acjde",8,"Friday",20:19:00,20:30:00,21:08:00,"Friday",0,4,2022,00:11:00
10953,"city A",16,2,"acjde",8,"Tuesday",05:46:00,05:55:00,07:45:00,"Tuesday",0,4,2022,00:09:00
4497,"city B",16,2,"bjdwe",8,"Monday",04:28:00,04:38:00,06:38:00,"Monday",0,4,2021,00:10:00
9791,"city C",16,2,"wehqk",8,"Sunday",20:07:00,20:18:00,21:16:00,"Sunday",0,4,2022,00:11:00
113389,"city B",16,2,"bjdwe",8,"Sunday",22:35:00,22:44:00,23:33:00,"Sunday",0,5,2021,00:09:00
92816,"city B",16,2,"bjdwe",8,"Thursday",18:26:00,18:36:00,18:59:00,"Thursday",0,3,2019,00:10:00
88854,"city B",62.8,8,"bjdwe",7.9,"Monday",02:29:00,02:40:00,02:48:00,"Monday",0,5,2022,00:11:00
6528,"city A",15.7,2,"acjde",7.9,"Monday",02:24:00,02:34:00,04:03:00,"Monday",0,5,2019,00:10:00
90134,"city B",15.7,2,"bjdwe",7.9,"Monday",02:20:00,02:29:00,03:13:00,"Monday",0,5,2019,00:09:00
67104,"city C",62.8,8,"wehqk",7.9,"Monday",20:27:00,20:38:00,21:15:00,"Monday",0,4,2022,00:11:00
56904,"city B",62.8,8,"bjdwe",7.9,"Friday",20:51:00,21:02:00,21:24:00,"Friday",0,3,2022,00:11:00
102495,"city B",62.7,8,"bjdwe",7.8,"Friday",01:28:00,01:39:00,02:22:00,"Friday",0,5,2021,00:11:00
1810,"city A",62.7,8,"acjde",7.8,"Friday",20:02:00,20:13:00,20:39:00,"Friday",0,4,2021,00:11:00
555,"city A",62.7,8,"acjde",7.8,"Saturday",18:52:00,19:01:00,20:53:00,"Saturday",0,5,2021,00:09:00
4431,"city A",23.5,3,"acjde",7.8,"Monday",04:17:00,04:27:00,05:24:00,"Monday",0,5,2021,00:10:00
101840,"city C",23.5,3,"wehqk",7.8,"Thursday",04:36:00,04:47:00,06:12:00,"Thursday",0,5,2020,00:11:00
14722,"city A",23.5,3,"acjde",7.8,"Friday",20:31:00,20:42:00,21:45:00,"Friday",0,5,2020,00:11:00
54477,"city C",23.5,3,"wehqk",7.8,"Saturday",20:32:00,20:41:00,20:43:00,"Saturday",0,4,2021,00:09:00
8290,"city A",23.5,3,"acjde",7.8,"Saturday",20:40:00,20:49:00,21:04:00,"Saturday",0,4,2019,00:09:00
26373,"city C",23.5,3,"wehqk",7.8,"Sunday",20:26:00,20:37:00,22:00:00,"Sunday",0,4,2022,00:11:00
7618,"city B",62.5,8,"bjdwe",7.8,"Friday",03:38:00,03:48:00,04:54:00,"Friday",0,3,2020,00:10:00
3728,"city A",62.5,8,"acjde",7.8,"Thursday",01:34:00,01:43:00,02:16:00,"Thursday",0,4,2019,00:09:00
5962,"city B",62.5,8,"bjdwe",7.8,"Wednesday",04:33:00,04:42:00,05:18:00,"Wednesday",0,4,2019,00:09:00
88400,"city A",15.6,2,"acjde",7.8,"Sunday",01:59:00,02:08:00,03:07:00,"Sunday",0,3,2022,00:09:00
93954,"city B",15.6,2,"bjdwe",7.8,"Sunday",20:17:00,20:26:00,22:06:00,"Sunday",0,4,2021,00:09:00
92490,"city C",31.1,4,"wehqk",7.8,"Thursday",04:02:00,04:11:00,05:07:00,"Thursday",0,3,2021,00:09:00
9787,"city B",54.3,7,"bjdwe",7.8,"Monday",01:11:00,01:21:00,01:45:00,"Monday",0,3,2020,00:10:00
45711,"city A",54.3,7,"acjde",7.8,"Saturday",04:21:00,04:32:00,05:47:00,"Saturday",0,5,2021,00:11:00
1833,"city C",53.8,7,"wehqk",7.7,"Tuesday",02:46:00,02:57:00,04:50:00,"Tuesday",0,4,2020,00:11:00
113496,"city C",53.8,7,"wehqk",7.7,"Saturday",02:08:00,02:17:00,03:22:00,"Saturday",0,5,2019,00:09:00
60669,"city C",23,3,"wehqk",7.7,"Thursday",02:14:00,02:24:00,04:20:00,"Thursday",0,4,2022,00:10:00
5804,"city A",23,3,"acjde",7.7,"Saturday",20:04:00,20:15:00,20:30:00,"Saturday",0,4,2020,00:11:00
78520,"city C",15.3,2,"wehqk",7.7,"Thursday",02:16:00,02:27:00,03:08:00,"Thursday",0,4,2019,00:11:00
97556,"city C",15.3,2,"wehqk",7.7,"Tuesday",02:25:00,02:36:00,03:59:00,"Tuesday",0,5,2020,00:11:00
99165,"city C",83.1,11,"wehqk",7.6,"Saturday",02:18:00,02:29:00,03:04:00,"Saturday",0,5,2020,00:11:00
10440,"city A",83.1,11,"acjde",7.6,"Thursday",03:10:00,03:21:00,03:41:00,"Thursday",0,3,2022,00:11:00
9821,"city B",83.1,11,"bjdwe",7.6,"Tuesday",04:33:00,04:43:00,06:05:00,"Tuesday",0,5,2020,00:10:00
7248,"city A",90.3,12,"acjde",7.5,"Sunday",03:56:00,04:05:00,04:37:00,"Sunday",0,4,2020,00:09:00
78520,"city C",90.3,12,"wehqk",7.5,"Wednesday",19:49:00,20:00:00,21:34:00,"Wednesday",0,5,2019,00:11:00
158403,"city A",90.3,12,"acjde",7.5,"Saturday",02:17:00,02:28:00,03:51:00,"Saturday",0,3,2019,00:11:00
95807,"city C",45.1,6,"wehqk",7.5,"Thursday",22:03:00,22:13:00,22:24:00,"Thursday",0,3,2022,00:10:00
88846,"city A",97.6,13,"acjde",7.5,"Thursday",02:11:00,02:21:00,02:55:00,"Thursday",0,4,2020,00:10:00
102508,"city C",97.6,13,"wehqk",7.5,"Thursday",20:02:00,20:13:00,20:29:00,"Thursday",0,4,2020,00:11:00
38800,"city A",97.6,13,"acjde",7.5,"Friday",04:46:00,04:56:00,05:41:00,"Friday",0,5,2021,00:10:00
1072,"city A",97.6,13,"acjde",7.5,"Saturday",20:17:00,20:26:00,21:08:00,"Saturday",0,4,2020,00:09:00
9796,"city C",97.6,13,"wehqk",7.5,"Monday",23:12:00,23:23:00,00:41:00,"Monday",0,5,2021,00:11:00
91831,"city C",15,2,"wehqk",7.5,"Monday",04:17:00,04:28:00,05:25:00,"Monday",0,4,2019,00:11:00
102495,"city B",15,2,"bjdwe",7.5,"Wednesday",04:17:00,04:28:00,06:20:00,"Wednesday",0,4,2021,00:11:00
68267,"city B",59.9,8,"bjdwe",7.5,"Thursday",00:30:00,00:40:00,00:57:00,"Thursday",0,5,2020,00:10:00
4924,"city B",59.9,8,"bjdwe",7.5,"Saturday",02:19:00,02:28:00,02:45:00,"Saturday",0,3,2019,00:09:00
10052,"city A",59.9,8,"acjde",7.5,"Saturday",03:04:00,03:14:00,04:12:00,"Saturday",0,4,2021,00:10:00
6502,"city C",29.7,4,"wehqk",7.4,"Wednesday",02:20:00,02:29:00,04:13:00,"Wednesday",0,3,2021,00:09:00
42240,"city C",29.7,4,"wehqk",7.4,"Tuesday",01:32:00,01:42:00,02:23:00,"Tuesday",0,5,2019,00:10:00
194008,"city C",66.8,9,"wehqk",7.4,"Monday",02:36:00,02:45:00,02:58:00,"Monday",0,3,2022,00:09:00
11551,"city A",66.8,9,"acjde",7.4,"Monday",23:13:00,23:24:00,00:44:00,"Monday",0,3,2021,00:11:00
967,"city A",66.8,9,"acjde",7.4,"Saturday",20:31:00,20:40:00,22:13:00,"Saturday",0,3,2022,00:09:00
66730,"city C",66.8,9,"wehqk",7.4,"Wednesday",20:00:00,20:11:00,21:04:00,"Wednesday",0,5,2020,00:11:00
192310,"city B",66.8,9,"bjdwe",7.4,"Wednesday",02:57:00,03:07:00,04:27:00,"Wednesday",0,3,2020,00:10:00
61738,"city A",66.8,9,"acjde",7.4,"Sunday",20:39:00,20:49:00,21:27:00,"Sunday",0,3,2022,00:10:00
959,"city C",22.2,3,"wehqk",7.4,"Monday",02:35:00,02:46:00,03:19:00,"Monday",0,3,2020,00:11:00
1895,"city B",22.2,3,"bjdwe",7.4,"Friday",03:09:00,03:20:00,03:28:00,"Friday",0,4,2021,00:11:00
459,"city A",22.2,3,"acjde",7.4,"Thursday",00:10:00,00:21:00,00:50:00,"Thursday",0,3,2020,00:11:00
91831,"city C",59,8,"wehqk",7.4,"Monday",02:08:00,02:19:00,02:33:00,"Monday",0,5,2019,00:11:00
4187,"city C",59,8,"wehqk",7.4,"Sunday",20:48:00,20:57:00,21:35:00,"Sunday",0,4,2021,00:09:00
10580,"city C",59,8,"wehqk",7.4,"Thursday",03:20:00,03:30:00,03:57:00,"Thursday",0,5,2020,00:10:00
8007,"city A",44.2,6,"acjde",7.4,"Saturday",03:13:00,03:23:00,04:04:00,"Saturday",0,3,2021,00:10:00
192310,"city B",14.7,2,"bjdwe",7.4,"Monday",00:15:00,00:24:00,01:58:00,"Monday",0,4,2020,00:09:00
9821,"city B",14.7,2,"bjdwe",7.4,"Monday",01:41:00,01:52:00,03:52:00,"Monday",0,4,2020,00:11:00
9799,"city A",22,3,"acjde",7.3,"Wednesday",04:10:00,04:20:00,05:48:00,"Wednesday",0,5,2021,00:10:00
192310,"city B",22,3,"bjdwe",7.3,"Sunday",02:51:00,03:00:00,04:12:00,"Sunday",0,5,2020,00:09:00
20098,"city B",22,3,"bjdwe",7.3,"Sunday",22:13:00,22:24:00,23:51:00,"Sunday",0,3,2022,00:11:00
111239,"city C",22,3,"wehqk",7.3,"Sunday",04:23:00,04:34:00,06:01:00,"Sunday",0,5,2019,00:11:00
78549,"city B",22,3,"bjdwe",7.3,"Friday",03:00:00,03:11:00,03:48:00,"Friday",0,3,2019,00:11:00
9874,"city A",22,3,"acjde",7.3,"Saturday",20:55:00,21:04:00,22:28:00,"Saturday",0,4,2021,00:09:00
79156,"city A",95,13,"acjde",7.3,"Sunday",02:46:00,02:57:00,03:09:00,"Sunday",0,1,2022,00:11:00
91497,"city B",58.4,8,"bjdwe",7.3,"Sunday",20:38:00,20:48:00,21:38:00,"Sunday",0,5,2020,00:10:00
25076,"city B",43.8,6,"bjdwe",7.3,"Thursday",04:30:00,04:41:00,04:52:00,"Thursday",0,5,2021,00:11:00
75781,"city C",21.9,3,"wehqk",7.3,"Monday",23:59:00,00:10:00,01:44:00,"Monday",0,3,2019,NA
78887,"city A",58.4,8,"acjde",7.3,"Saturday",20:23:00,20:32:00,21:24:00,"Saturday",0,5,2020,00:09:00
1762,"city A",58.4,8,"acjde",7.3,"Thursday",05:01:00,05:12:00,06:27:00,"Thursday",0,4,2021,00:11:00
10634,"city A",21.9,3,"acjde",7.3,"Monday",04:25:00,04:34:00,04:36:00,"Monday",0,4,2022,00:09:00
68236,"city A",21.9,3,"acjde",7.3,"Friday",00:11:00,00:21:00,00:28:00,"Friday",0,3,2020,00:10:00
6477,"city B",65.5,9,"bjdwe",7.3,"Sunday",01:10:00,01:21:00,02:52:00,"Sunday",0,5,2019,00:11:00
106572,"city C",65.5,9,"wehqk",7.3,"Sunday",03:10:00,03:19:00,04:37:00,"Sunday",0,5,2019,00:09:00
9959,"city A",65.5,9,"acjde",7.3,"Tuesday",20:43:00,20:54:00,21:25:00,"Tuesday",0,4,2021,00:11:00
967,"city A",65.5,9,"acjde",7.3,"Wednesday",03:17:00,03:26:00,04:52:00,"Wednesday",0,3,2022,00:09:00
13846,"city A",65.5,9,"acjde",7.3,"Tuesday",03:03:00,03:14:00,05:08:00,"Tuesday",0,3,2020,00:11:00
197636,"city C",65.5,9,"wehqk",7.3,"Sunday",02:18:00,02:29:00,03:39:00,"Sunday",0,3,2020,00:11:00
14573,"city A",94.1,13,"acjde",7.2,"Saturday",00:22:00,00:31:00,01:06:00,"Saturday",0,4,2021,00:09:00
7682,"city B",94.1,13,"bjdwe",7.2,"Wednesday",20:06:00,20:15:00,21:32:00,"Wednesday",0,4,2020,00:09:00
12300,"city C",94.1,13,"wehqk",7.2,"Tuesday",03:09:00,03:18:00,03:41:00,"Tuesday",0,5,2019,00:09:00
99165,"city C",94.1,13,"wehqk",7.2,"Friday",20:58:00,21:08:00,22:39:00,"Friday",0,5,2020,00:10:00
5403,"city B",94.1,13,"bjdwe",7.2,"Saturday",04:01:00,04:11:00,04:43:00,"Saturday",0,5,2021,00:10:00
87244,"city C",86.8,12,"wehqk",7.2,"Friday",00:31:00,00:42:00,01:49:00,"Friday",0,4,2022,00:11:00
97556,"city C",86.8,12,"wehqk",7.2,"Saturday",19:46:00,19:57:00,21:15:00,"Saturday",0,3,2020,00:11:00
896,"city C",86.8,12,"wehqk",7.2,"Tuesday",02:14:00,02:25:00,02:37:00,"Tuesday",0,3,2021,00:11:00
97044,"city B",79.4,11,"bjdwe",7.2,"Friday",02:13:00,02:22:00,02:30:00,"Friday",0,5,2021,00:09:00
91848,"city B",79.4,11,"bjdwe",7.2,"Sunday",20:21:00,20:31:00,22:29:00,"Sunday",0,5,2019,00:10:00
80104,"city C",79.4,11,"wehqk",7.2,"Saturday",04:17:00,04:26:00,05:49:00,"Saturday",0,5,2019,00:09:00
105253,"city B",64.9,9,"bjdwe",7.2,"Sunday",03:20:00,03:29:00,04:10:00,"Sunday",0,5,2020,00:09:00
93954,"city B",64.9,9,"bjdwe",7.2,"Sunday",04:18:00,04:29:00,05:52:00,"Sunday",0,4,2021,00:11:00
48895,"city A",64.9,9,"acjde",7.2,"Friday",03:11:00,03:20:00,04:29:00,"Friday",0,4,2020,00:09:00
26654,"city C",14.4,2,"wehqk",7.2,"Thursday",00:13:00,00:22:00,00:39:00,"Thursday",0,5,2019,00:09:00
99165,"city C",14.4,2,"wehqk",7.2,"Friday",00:10:00,00:20:00,01:13:00,"Friday",0,5,2020,00:10:00
20098,"city B",28.6,4,"bjdwe",7.2,"Thursday",03:08:00,03:17:00,03:28:00,"Thursday",0,4,2022,00:09:00
157229,"city A",28.6,4,"acjde",7.2,"Thursday",20:51:00,21:00:00,21:20:00,"Thursday",0,4,2020,00:09:00
5550,"city C",28.6,4,"wehqk",7.2,"Thursday",20:30:00,20:41:00,22:04:00,"Thursday",0,3,2019,00:11:00
88846,"city A",78.7,11,"acjde",7.2,"Wednesday",02:16:00,02:25:00,03:49:00,"Wednesday",0,3,2020,00:09:00
12708,"city C",78.7,11,"wehqk",7.2,"Tuesday",02:33:00,02:42:00,03:43:00,"Tuesday",0,5,2019,00:09:00
10636,"city C",78.7,11,"wehqk",7.2,"Friday",20:29:00,20:39:00,21:58:00,"Friday",0,5,2022,00:10:00
1747,"city B",28.6,4,"bjdwe",7.2,"Saturday",02:16:00,02:25:00,02:49:00,"Saturday",0,4,2021,00:09:00
5210,"city C",28.6,4,"wehqk",7.2,"Thursday",04:05:00,04:15:00,04:46:00,"Thursday",0,5,2020,00:10:00
85445,"city B",92.9,13,"bjdwe",7.1,"Friday",01:19:00,01:29:00,01:41:00,"Friday",0,4,2020,00:10:00
12871,"city A",92.9,13,"acjde",7.1,"Wednesday",23:13:00,23:24:00,23:50:00,"Wednesday",0,3,2019,00:11:00
42853,"city B",92.9,13,"bjdwe",7.1,"Tuesday",20:43:00,20:52:00,22:28:00,"Tuesday",0,4,2022,00:09:00
1895,"city B",92.9,13,"bjdwe",7.1,"Sunday",20:05:00,20:15:00,21:04:00,"Sunday",0,5,2021,00:10:00
35636,"city B",92.9,13,"bjdwe",7.1,"Sunday",22:11:00,22:20:00,23:54:00,"Sunday",0,3,2020,00:09:00
489,"city A",14.3,2,"acjde",7.1,"Saturday",03:30:00,03:41:00,04:26:00,"Saturday",0,5,2019,00:11:00
83814,"city A",14.3,2,"acjde",7.1,"Monday",02:25:00,02:34:00,02:46:00,"Monday",0,3,2019,00:09:00
1961,"city C",28.5,4,"wehqk",7.1,"Monday",20:25:00,20:34:00,21:21:00,"Monday",0,4,2021,00:09:00
85535,"city C",64.1,9,"wehqk",7.1,"Sunday",02:01:00,02:11:00,03:12:00,"Sunday",0,3,2022,00:10:00
1639,"city B",64.1,9,"bjdwe",7.1,"Monday",02:30:00,02:39:00,03:45:00,"Monday",0,5,2021,00:09:00
68759,"city C",64.1,9,"wehqk",7.1,"Thursday",04:10:00,04:20:00,04:52:00,"Thursday",0,4,2019,00:10:00
93954,"city B",78.3,11,"bjdwe",7.1,"Tuesday",03:38:00,03:47:00,05:35:00,"Tuesday",0,5,2021,00:09:00
7375,"city C",78.3,11,"wehqk",7.1,"Friday",05:28:00,05:37:00,06:04:00,"Friday",0,5,2022,00:09:00
6286,"city B",78.3,11,"bjdwe",7.1,"Sunday",04:06:00,04:15:00,05:44:00,"Sunday",0,3,2020,00:09:00
7415,"city B",71,10,"bjdwe",7.1,"Friday",02:03:00,02:14:00,03:16:00,"Friday",0,4,2021,00:11:00
2541,"city C",71,10,"wehqk",7.1,"Sunday",03:19:00,03:29:00,03:41:00,"Sunday",0,4,2019,00:10:00
32411,"city A",71,10,"acjde",7.1,"Friday",20:53:00,21:03:00,22:40:00,"Friday",0,5,2020,00:10:00
104967,"city A",70.6,10,"acjde",7.1,"Wednesday",02:16:00,02:26:00,03:11:00,"Wednesday",0,4,2022,00:10:00
88854,"city B",70.6,10,"bjdwe",7.1,"Wednesday",04:27:00,04:36:00,05:13:00,"Wednesday",0,3,2022,00:09:00
57105,"city B",70.6,10,"bjdwe",7.1,"Monday",20:20:00,20:29:00,20:43:00,"Monday",0,3,2022,00:09:00
1376,"city A",70.5,10,"acjde",7,"Friday",03:43:00,03:54:00,05:44:00,"Friday",0,3,2019,00:11:00
2840,"city C",70.5,10,"wehqk",7,"Monday",20:03:00,20:12:00,21:21:00,"Monday",0,4,2019,00:09:00
550,"city B",70.5,10,"bjdwe",7,"Wednesday",03:10:00,03:19:00,04:41:00,"Wednesday",0,5,2019,00:09:00
56015,"city A",14.1,2,"acjde",7,"Sunday",02:43:00,02:54:00,04:14:00,"Sunday",0,5,2020,00:11:00
92481,"city B",14.1,2,"bjdwe",7,"Wednesday",03:01:00,03:12:00,04:41:00,"Wednesday",0,5,2022,00:11:00
83814,"city A",14.1,2,"acjde",7,"Saturday",02:57:00,03:07:00,04:24:00,"Saturday",0,3,2019,00:10:00
1808,"city C",28.1,4,"wehqk",7,"Monday",02:35:00,02:46:00,03:15:00,"Monday",0,4,2022,00:11:00
10342,"city C",28,4,"wehqk",7,"Monday",20:49:00,20:59:00,21:31:00,"Monday",0,5,2020,00:10:00
1608,"city A",21,3,"acjde",7,"Monday",02:11:00,02:22:00,04:04:00,"Monday",0,1,2019,00:11:00
88846,"city A",14,2,"acjde",7,"Friday",22:23:00,22:32:00,00:04:00,"Friday",0,1,2020,00:09:00
63262,"city A",14,2,"acjde",7,"Saturday",20:29:00,20:38:00,21:50:00,"Saturday",0,1,2021,00:09:00
79136,"city A",84,12,"acjde",7,"Saturday",03:05:00,03:16:00,04:57:00,"Saturday",0,3,2020,00:11:00
4010,"city B",14,2,"bjdwe",7,"Sunday",02:46:00,02:56:00,03:11:00,"Sunday",0,5,2022,00:10:00
23309,"city B",14,2,"bjdwe",7,"Wednesday",02:33:00,02:42:00,03:23:00,"Wednesday",0,3,2020,00:09:00
157229,"city A",14,2,"acjde",7,"Friday",02:53:00,03:03:00,04:05:00,"Friday",0,3,2020,00:10:00
91070,"city B",84,12,"bjdwe",7,"Friday",02:49:00,02:58:00,03:34:00,"Friday",0,4,2021,00:09:00
3982,"city B",84,12,"bjdwe",7,"Thursday",20:56:00,21:06:00,22:58:00,"Thursday",0,5,2019,00:10:00
77550,"city C",27.9,4,"wehqk",7,"Friday",02:34:00,02:44:00,03:00:00,"Friday",0,5,2020,00:10:00
7682,"city B",20.9,3,"bjdwe",7,"Thursday",02:11:00,02:22:00,03:48:00,"Thursday",0,3,2020,00:11:00
85535,"city C",20.9,3,"wehqk",7,"Tuesday",03:05:00,03:14:00,04:25:00,"Tuesday",0,4,2022,00:09:00
12871,"city A",20.9,3,"acjde",7,"Sunday",20:49:00,20:58:00,21:19:00,"Sunday",0,1,2019,00:09:00
43051,"city C",27.7,4,"wehqk",6.9,"Wednesday",02:19:00,02:30:00,04:22:00,"Wednesday",0,4,2021,00:11:00
9795,"city B",13.8,2,"bjdwe",6.9,"Wednesday",04:40:00,04:51:00,06:35:00,"Wednesday",0,3,2021,00:11:00
106572,"city C",13.8,2,"wehqk",6.9,"Sunday",04:00:00,04:11:00,05:27:00,"Sunday",0,5,2019,00:11:00
113424,"city B",13.8,2,"bjdwe",6.9,"Monday",01:41:00,01:52:00,03:48:00,"Monday",0,4,2019,00:11:00
6081,"city A",47.9,7,"acjde",6.8,"Monday",03:34:00,03:45:00,04:08:00,"Monday",0,1,2019,00:11:00
14189,"city B",47.9,7,"bjdwe",6.8,"Tuesday",03:29:00,03:40:00,05:30:00,"Tuesday",0,4,2020,00:11:00
6245,"city B",41,6,"bjdwe",6.8,"Thursday",21:35:00,21:45:00,22:25:00,"Thursday",0,4,2022,00:10:00
101840,"city C",27.2,4,"wehqk",6.8,"Monday",01:29:00,01:39:00,01:44:00,"Monday",0,5,2020,00:10:00
6116,"city B",27.2,4,"bjdwe",6.8,"Tuesday",01:31:00,01:41:00,03:09:00,"Tuesday",0,5,2021,00:10:00
929,"city C",40.8,6,"wehqk",6.8,"Monday",00:36:00,00:46:00,02:24:00,"Monday",0,4,2021,00:10:00
68236,"city A",40.8,6,"acjde",6.8,"Saturday",01:11:00,01:20:00,02:02:00,"Saturday",0,1,2020,00:09:00
105065,"city B",47.1,7,"bjdwe",6.7,"Tuesday",02:05:00,02:16:00,03:11:00,"Tuesday",0,4,2022,00:11:00
19446,"city B",47.1,7,"bjdwe",6.7,"Tuesday",05:09:00,05:20:00,05:42:00,"Tuesday",0,3,2020,00:11:00
10415,"city B",13.4,2,"bjdwe",6.7,"Wednesday",04:08:00,04:17:00,05:07:00,"Wednesday",0,5,2021,00:09:00
1841,"city A",13.4,2,"acjde",6.7,"Saturday",20:07:00,20:18:00,21:36:00,"Saturday",0,1,2022,00:11:00
2639,"city C",13.4,2,"wehqk",6.7,"Tuesday",03:00:00,03:09:00,03:44:00,"Tuesday",0,4,2022,00:09:00
10178,"city A",40.1,6,"acjde",6.7,"Monday",03:21:00,03:30:00,04:23:00,"Monday",0,1,2021,00:09:00
82994,"city C",33.4,5,"wehqk",6.7,"Sunday",02:20:00,02:31:00,02:59:00,"Sunday",0,4,2021,00:11:00
18376,"city A",20,3,"acjde",6.7,"Wednesday",20:14:00,20:25:00,22:16:00,"Wednesday",0,1,2019,00:11:00
11724,"city A",100,15,"acjde",6.7,"Friday",05:03:00,05:13:00,06:36:00,"Friday",0,1,2019,00:10:00
92300,"city A",100,15,"acjde",6.7,"Monday",02:13:00,02:22:00,03:28:00,"Monday",0,1,2020,00:09:00
4052,"city A",33.3,5,"acjde",6.7,"Tuesday",02:44:00,02:54:00,04:00:00,"Tuesday",0,1,2021,00:10:00
54344,"city C",52.9,8,"wehqk",6.6,"Wednesday",04:16:00,04:25:00,04:28:00,"Wednesday",0,3,2020,00:09:00
1833,"city C",52.9,8,"wehqk",6.6,"Saturday",05:09:00,05:18:00,06:06:00,"Saturday",0,5,2020,00:09:00
12708,"city C",52.9,8,"wehqk",6.6,"Wednesday",20:27:00,20:37:00,20:47:00,"Wednesday",0,5,2019,00:10:00
86627,"city C",52.9,8,"wehqk",6.6,"Friday",19:39:00,19:48:00,19:57:00,"Friday",0,5,2019,00:09:00
156011,"city B",52.9,8,"bjdwe",6.6,"Saturday",01:36:00,01:47:00,02:52:00,"Saturday",0,5,2019,00:11:00
77550,"city C",39.6,6,"wehqk",6.6,"Monday",03:07:00,03:18:00,03:25:00,"Monday",0,5,2020,00:11:00
1719,"city A",52.7,8,"acjde",6.6,"Tuesday",01:36:00,01:47:00,01:49:00,"Tuesday",0,1,2019,00:11:00
11551,"city A",52.7,8,"acjde",6.6,"Friday",04:15:00,04:25:00,05:22:00,"Friday",0,1,2021,00:10:00
8279,"city B",52.7,8,"bjdwe",6.6,"Thursday",02:30:00,02:41:00,04:11:00,"Thursday",0,5,2020,00:11:00
66730,"city C",52.7,8,"wehqk",6.6,"Tuesday",02:59:00,03:09:00,03:55:00,"Tuesday",0,5,2020,00:10:00
61941,"city A",52.7,8,"acjde",6.6,"Sunday",21:57:00,22:06:00,23:30:00,"Sunday",0,1,2021,00:09:00
11264,"city C",13.1,2,"wehqk",6.6,"Sunday",02:38:00,02:49:00,04:45:00,"Sunday",0,4,2021,00:11:00
8059,"city C",13.1,2,"wehqk",6.6,"Tuesday",04:35:00,04:44:00,06:39:00,"Tuesday",0,3,2021,00:09:00
113471,"city B",13.1,2,"bjdwe",6.6,"Tuesday",02:36:00,02:46:00,03:10:00,"Tuesday",0,3,2022,00:10:00
197628,"city A",52.3,8,"acjde",6.5,"Sunday",23:31:00,23:40:00,01:33:00,"Sunday",0,1,2019,00:09:00
13496,"city C",52.3,8,"wehqk",6.5,"Monday",20:29:00,20:39:00,21:56:00,"Monday",0,5,2022,00:10:00
78549,"city B",52.3,8,"bjdwe",6.5,"Saturday",03:26:00,03:37:00,05:19:00,"Saturday",0,3,2019,00:11:00
5866,"city B",52.3,8,"bjdwe",6.5,"Tuesday",02:46:00,02:57:00,02:58:00,"Tuesday",0,3,2020,00:11:00
1384,"city C",52.3,8,"wehqk",6.5,"Thursday",20:26:00,20:35:00,22:02:00,"Thursday",0,3,2020,00:09:00
13807,"city A",26.1,4,"acjde",6.5,"Monday",02:57:00,03:07:00,04:58:00,"Monday",0,1,2021,00:10:00
93902,"city B",65.1,10,"bjdwe",6.5,"Tuesday",02:16:00,02:26:00,03:34:00,"Tuesday",0,5,2019,00:10:00
14519,"city B",65.1,10,"bjdwe",6.5,"Sunday",19:14:00,19:25:00,19:48:00,"Sunday",0,5,2022,00:11:00
104645,"city B",65.1,10,"bjdwe",6.5,"Wednesday",20:14:00,20:24:00,20:30:00,"Wednesday",0,4,2021,00:10:00
1608,"city A",13,2,"acjde",6.5,"Monday",03:15:00,03:26:00,05:03:00,"Monday",0,1,2019,00:11:00
1608,"city A",13,2,"acjde",6.5,"Thursday",01:02:00,01:13:00,01:19:00,"Thursday",0,1,2019,00:11:00
1608,"city A",13,2,"acjde",6.5,"Thursday",19:10:00,19:20:00,20:58:00,"Thursday",0,1,2019,00:10:00
1608,"city A",13,2,"acjde",6.5,"Sunday",20:18:00,20:27:00,21:22:00,"Sunday",0,1,2019,00:09:00
1608,"city A",13,2,"acjde",6.5,"Tuesday",20:41:00,20:51:00,22:48:00,"Tuesday",0,1,2019,00:10:00
112302,"city B",13,2,"bjdwe",6.5,"Sunday",23:19:00,23:28:00,01:09:00,"Sunday",0,3,2022,00:09:00
77988,"city A",13,2,"acjde",6.5,"Sunday",02:21:00,02:32:00,03:32:00,"Sunday",0,1,2022,00:11:00
113442,"city A",13,2,"acjde",6.5,"Monday",21:18:00,21:28:00,21:41:00,"Monday",0,1,2022,00:10:00
6286,"city B",13,2,"bjdwe",6.5,"Tuesday",21:04:00,21:14:00,22:43:00,"Tuesday",0,4,2020,00:10:00
80030,"city C",13,2,"wehqk",6.5,"Friday",20:45:00,20:54:00,22:42:00,"Friday",0,5,2019,00:09:00
79657,"city C",13,2,"wehqk",6.5,"Friday",20:17:00,20:28:00,21:21:00,"Friday",0,5,2021,00:11:00
7737,"city C",13,2,"wehqk",6.5,"Sunday",20:47:00,20:58:00,21:08:00,"Sunday",0,5,2020,00:11:00
64488,"city B",19.4,3,"bjdwe",6.5,"Saturday",03:18:00,03:29:00,04:16:00,"Saturday",0,4,2020,00:11:00
9189,"city C",19.4,3,"wehqk",6.5,"Saturday",20:44:00,20:55:00,21:25:00,"Saturday",0,5,2019,00:11:00
26654,"city C",19.4,3,"wehqk",6.5,"Tuesday",00:49:00,00:58:00,01:31:00,"Tuesday",0,4,2019,00:09:00
31,"city B",71.1,11,"bjdwe",6.5,"Monday",03:20:00,03:29:00,05:07:00,"Monday",0,4,2022,00:09:00
86627,"city C",71.1,11,"wehqk",6.5,"Tuesday",02:12:00,02:21:00,03:04:00,"Tuesday",0,4,2019,00:09:00
92300,"city A",71.1,11,"acjde",6.5,"Friday",02:48:00,02:59:00,03:42:00,"Friday",0,1,2020,00:11:00
91848,"city B",70.9,11,"bjdwe",6.4,"Sunday",00:23:00,00:32:00,01:11:00,"Sunday",0,3,2019,00:09:00
31,"city B",70.9,11,"bjdwe",6.4,"Friday",20:40:00,20:51:00,22:17:00,"Friday",0,3,2022,00:11:00
81139,"city C",70.9,11,"wehqk",6.4,"Friday",02:59:00,03:09:00,04:06:00,"Friday",0,5,2021,00:10:00
199817,"city B",19.3,3,"bjdwe",6.4,"Monday",02:53:00,03:04:00,03:28:00,"Monday",0,4,2020,00:11:00
57721,"city C",19.3,3,"wehqk",6.4,"Wednesday",23:52:00,00:02:00,00:36:00,"Wednesday",0,3,2021,NA
88854,"city B",45,7,"bjdwe",6.4,"Thursday",00:39:00,00:49:00,01:32:00,"Thursday",0,5,2022,00:10:00
91848,"city B",45,7,"bjdwe",6.4,"Friday",03:12:00,03:21:00,04:32:00,"Friday",0,4,2019,00:09:00
62744,"city B",83.1,13,"bjdwe",6.4,"Saturday",04:24:00,04:35:00,05:42:00,"Saturday",0,3,2022,00:11:00
1527,"city C",83.1,13,"wehqk",6.4,"Tuesday",20:17:00,20:26:00,20:58:00,"Tuesday",0,3,2022,00:09:00
13902,"city C",83.1,13,"wehqk",6.4,"Friday",05:06:00,05:15:00,05:44:00,"Friday",0,5,2019,00:09:00
7618,"city B",83.1,13,"bjdwe",6.4,"Thursday",20:30:00,20:41:00,22:38:00,"Thursday",0,4,2020,00:11:00
87244,"city C",89.5,14,"wehqk",6.4,"Tuesday",02:33:00,02:42:00,03:54:00,"Tuesday",0,5,2022,00:09:00
14495,"city C",89.5,14,"wehqk",6.4,"Sunday",20:09:00,20:19:00,21:46:00,"Sunday",0,5,2019,00:10:00
13948,"city A",89.5,14,"acjde",6.4,"Tuesday",19:31:00,19:42:00,21:31:00,"Tuesday",0,1,2019,00:11:00
85535,"city C",89.5,14,"wehqk",6.4,"Thursday",04:02:00,04:11:00,04:57:00,"Thursday",0,5,2022,00:09:00
5866,"city B",89.5,14,"bjdwe",6.4,"Sunday",20:23:00,20:32:00,21:58:00,"Sunday",0,5,2020,00:09:00
198814,"city A",44.7,7,"acjde",6.4,"Saturday",01:09:00,01:19:00,02:00:00,"Saturday",0,1,2022,00:10:00
81133,"city A",44.7,7,"acjde",6.4,"Friday",19:43:00,19:52:00,21:34:00,"Friday",0,1,2021,00:09:00
91070,"city B",89.4,14,"bjdwe",6.4,"Tuesday",02:36:00,02:46:00,04:27:00,"Tuesday",0,5,2021,00:10:00
63674,"city A",89.4,14,"acjde",6.4,"Tuesday",02:25:00,02:36:00,03:35:00,"Tuesday",0,1,2022,00:11:00
69801,"city C",89.4,14,"wehqk",6.4,"Monday",20:42:00,20:51:00,20:52:00,"Monday",0,4,2019,00:09:00
67104,"city C",89.4,14,"wehqk",6.4,"Wednesday",03:43:00,03:54:00,04:33:00,"Wednesday",0,4,2022,00:11:00
59776,"city A",95.6,15,"acjde",6.4,"Sunday",01:38:00,01:48:00,01:54:00,"Sunday",0,1,2020,00:10:00
113389,"city B",95.6,15,"bjdwe",6.4,"Sunday",02:32:00,02:42:00,02:55:00,"Sunday",0,4,2021,00:10:00
79657,"city C",127.4,20,"wehqk",6.4,"Wednesday",02:13:00,02:24:00,03:28:00,"Wednesday",0,3,2021,00:11:00
103970,"city A",89.2,14,"acjde",6.4,"Sunday",01:06:00,01:15:00,02:46:00,"Sunday",0,1,2019,00:09:00
5804,"city A",89.2,14,"acjde",6.4,"Friday",02:01:00,02:11:00,03:37:00,"Friday",0,1,2020,00:10:00
3435,"city C",89.2,14,"wehqk",6.4,"Thursday",20:48:00,20:58:00,21:11:00,"Thursday",0,5,2021,00:10:00
8279,"city B",89.2,14,"bjdwe",6.4,"Monday",18:17:00,18:28:00,19:39:00,"Monday",0,3,2020,00:11:00
25076,"city B",38.2,6,"bjdwe",6.4,"Friday",02:18:00,02:29:00,03:51:00,"Friday",0,5,2021,00:11:00
79146,"city B",157.1,25,"bjdwe",6.3,"Saturday",22:39:00,22:49:00,23:17:00,"Saturday",0,4,2020,00:10:00
1902,"city C",88,14,"wehqk",6.3,"Wednesday",19:01:00,19:10:00,19:40:00,"Wednesday",0,4,2021,00:09:00
101840,"city C",88,14,"wehqk",6.3,"Wednesday",20:06:00,20:17:00,22:09:00,"Wednesday",0,4,2020,00:11:00
60159,"city C",88,14,"wehqk",6.3,"Friday",05:00:00,05:10:00,05:54:00,"Friday",0,4,2021,00:10:00
72989,"city B",75.2,12,"bjdwe",6.3,"Tuesday",01:56:00,02:07:00,02:30:00,"Tuesday",0,3,2022,00:11:00
42840,"city B",75.2,12,"bjdwe",6.3,"Thursday",20:11:00,20:20:00,21:42:00,"Thursday",0,3,2019,00:09:00
3964,"city A",75.2,12,"acjde",6.3,"Tuesday",20:13:00,20:23:00,21:08:00,"Tuesday",0,1,2022,00:10:00
68742,"city A",75,12,"acjde",6.3,"Sunday",01:06:00,01:15:00,01:39:00,"Sunday",0,1,2022,00:09:00
14189,"city B",12.5,2,"bjdwe",6.3,"Wednesday",03:24:00,03:33:00,05:21:00,"Wednesday",0,5,2020,00:09:00
91497,"city B",12.5,2,"bjdwe",6.3,"Sunday",03:04:00,03:15:00,03:41:00,"Sunday",0,4,2020,00:11:00
38385,"city B",75,12,"bjdwe",6.3,"Saturday",20:48:00,20:57:00,21:30:00,"Saturday",0,3,2020,00:09:00
95807,"city C",75,12,"wehqk",6.3,"Thursday",02:02:00,02:13:00,03:46:00,"Thursday",0,4,2022,00:11:00
79435,"city A",56.2,9,"acjde",6.2,"Wednesday",01:59:00,02:09:00,03:24:00,"Wednesday",0,1,2022,00:10:00
2562,"city A",56.2,9,"acjde",6.2,"Thursday",03:00:00,03:11:00,04:19:00,"Thursday",0,1,2020,00:11:00
2512,"city C",56.2,9,"wehqk",6.2,"Tuesday",03:03:00,03:14:00,05:00:00,"Tuesday",0,3,2020,00:11:00
85878,"city C",68.6,11,"wehqk",6.2,"Saturday",03:15:00,03:26:00,04:29:00,"Saturday",0,4,2021,00:11:00
3009,"city B",68.6,11,"bjdwe",6.2,"Thursday",20:39:00,20:49:00,21:39:00,"Thursday",0,3,2020,00:10:00
9787,"city B",68.6,11,"bjdwe",6.2,"Friday",04:11:00,04:22:00,04:57:00,"Friday",0,5,2020,00:11:00
1833,"city C",74.8,12,"wehqk",6.2,"Monday",02:11:00,02:20:00,03:36:00,"Monday",0,4,2020,00:09:00
9563,"city A",74.8,12,"acjde",6.2,"Saturday",01:21:00,01:30:00,03:04:00,"Saturday",0,1,2021,00:09:00
68011,"city B",74.8,12,"bjdwe",6.2,"Sunday",20:18:00,20:28:00,22:03:00,"Sunday",0,4,2019,00:10:00
3728,"city A",74.8,12,"acjde",6.2,"Monday",19:59:00,20:09:00,20:52:00,"Monday",0,1,2019,00:10:00
11044,"city C",74.8,12,"wehqk",6.2,"Friday",21:09:00,21:18:00,21:51:00,"Friday",0,4,2021,00:09:00
83814,"city A",87,14,"acjde",6.2,"Friday",02:03:00,02:13:00,02:54:00,"Friday",0,1,2019,00:10:00
33039,"city C",87,14,"wehqk",6.2,"Saturday",20:23:00,20:32:00,21:50:00,"Saturday",0,3,2019,00:09:00
13567,"city A",87,14,"acjde",6.2,"Tuesday",03:16:00,03:25:00,04:40:00,"Tuesday",0,1,2020,00:09:00
75877,"city B",37.2,6,"bjdwe",6.2,"Monday",02:01:00,02:10:00,04:08:00,"Monday",0,4,2021,00:09:00
102289,"city A",37.2,6,"acjde",6.2,"Sunday",03:39:00,03:50:00,04:24:00,"Sunday",0,1,2020,00:11:00
1173,"city A",43.3,7,"acjde",6.2,"Tuesday",00:45:00,00:54:00,01:31:00,"Tuesday",0,1,2021,00:09:00
92808,"city B",43.3,7,"bjdwe",6.2,"Wednesday",19:03:00,19:14:00,19:20:00,"Wednesday",0,5,2021,00:11:00
68226,"city C",24.7,4,"wehqk",6.2,"Saturday",19:25:00,19:35:00,21:14:00,"Saturday",0,4,2021,00:10:00
3435,"city C",98.3,16,"wehqk",6.1,"Tuesday",22:33:00,22:44:00,00:28:00,"Tuesday",0,5,2021,00:11:00
1961,"city C",98.3,16,"wehqk",6.1,"Thursday",03:01:00,03:12:00,03:59:00,"Thursday",0,3,2021,00:11:00
6711,"city B",98.3,16,"bjdwe",6.1,"Saturday",20:28:00,20:39:00,21:18:00,"Saturday",0,4,2020,00:11:00
106154,"city C",85.8,14,"wehqk",6.1,"Saturday",02:48:00,02:58:00,03:49:00,"Saturday",0,4,2021,00:10:00
3000,"city B",85.8,14,"bjdwe",6.1,"Friday",22:20:00,22:30:00,23:48:00,"Friday",0,5,2021,00:10:00
11148,"city B",73.4,12,"bjdwe",6.1,"Monday",01:51:00,02:00:00,02:30:00,"Monday",0,5,2021,00:09:00
36702,"city C",73.4,12,"wehqk",6.1,"Sunday",01:51:00,02:00:00,03:07:00,"Sunday",0,3,2020,00:09:00
81133,"city A",73.4,12,"acjde",6.1,"Monday",02:24:00,02:33:00,03:02:00,"Monday",0,1,2021,00:09:00
75007,"city A",73.4,12,"acjde",6.1,"Tuesday",20:36:00,20:46:00,21:51:00,"Tuesday",0,1,2022,00:10:00
1934,"city A",73.4,12,"acjde",6.1,"Thursday",00:15:00,00:24:00,02:19:00,"Thursday",0,1,2021,00:09:00
101840,"city C",91.5,15,"wehqk",6.1,"Monday",02:47:00,02:58:00,04:07:00,"Monday",0,3,2020,00:11:00
4093,"city C",91.5,15,"wehqk",6.1,"Friday",20:14:00,20:23:00,21:58:00,"Friday",0,3,2019,00:09:00
899,"city C",91.3,15,"wehqk",6.1,"Thursday",01:05:00,01:16:00,02:13:00,"Thursday",0,5,2022,00:11:00
99165,"city C",91.3,15,"wehqk",6.1,"Tuesday",02:59:00,03:08:00,04:01:00,"Tuesday",0,5,2020,00:09:00
1661,"city C",73,12,"wehqk",6.1,"Tuesday",01:32:00,01:42:00,02:10:00,"Tuesday",0,3,2020,00:10:00
64488,"city B",73,12,"bjdwe",6.1,"Sunday",04:27:00,04:36:00,06:13:00,"Sunday",0,4,2020,00:09:00
6903,"city C",73,12,"wehqk",6.1,"Wednesday",20:29:00,20:39:00,20:46:00,"Wednesday",0,5,2019,00:10:00
79259,"city A",73,12,"acjde",6.1,"Monday",00:36:00,00:46:00,01:08:00,"Monday",0,1,2021,00:10:00
194008,"city C",24.3,4,"wehqk",6.1,"Saturday",01:22:00,01:32:00,01:51:00,"Saturday",0,4,2022,00:10:00
87244,"city C",12.1,2,"wehqk",6.1,"Saturday",02:09:00,02:20:00,03:50:00,"Saturday",0,5,2022,00:11:00
7248,"city A",42.4,7,"acjde",6.1,"Friday",20:43:00,20:53:00,22:32:00,"Friday",0,1,2020,00:10:00
7141,"city A",42.4,7,"acjde",6.1,"Friday",20:33:00,20:43:00,22:38:00,"Friday",0,1,2021,00:10:00
15587,"city C",42.4,7,"wehqk",6.1,"Thursday",04:23:00,04:33:00,04:49:00,"Thursday",0,5,2019,00:10:00
87244,"city C",30.2,5,"wehqk",6,"Monday",04:14:00,04:25:00,05:52:00,"Monday",0,4,2022,00:11:00
72989,"city B",24.1,4,"bjdwe",6,"Thursday",04:29:00,04:40:00,06:35:00,"Thursday",0,5,2022,00:11:00
8007,"city A",90,15,"acjde",6,"Sunday",21:59:00,22:08:00,00:00:00,"Sunday",0,1,2021,00:09:00
67988,"city C",30,5,"wehqk",6,"Wednesday",04:43:00,04:54:00,05:44:00,"Wednesday",0,4,2021,00:11:00
17297,"city C",18,3,"wehqk",6,"Monday",03:33:00,03:42:00,04:07:00,"Monday",0,4,2022,00:09:00
3433,"city C",18,3,"wehqk",6,"Thursday",02:26:00,02:36:00,03:00:00,"Thursday",0,5,2022,00:10:00
3319,"city C",90,15,"wehqk",6,"Monday",18:40:00,18:51:00,20:38:00,"Monday",0,3,2020,00:11:00
10580,"city C",90,15,"wehqk",6,"Thursday",20:17:00,20:28:00,21:43:00,"Thursday",0,3,2020,00:11:00
113471,"city B",18,3,"bjdwe",6,"Wednesday",02:56:00,03:05:00,03:50:00,"Wednesday",0,3,2022,00:09:00
48895,"city A",18,3,"acjde",6,"Thursday",20:39:00,20:48:00,22:32:00,"Thursday",0,1,2020,00:09:00
9792,"city C",18,3,"wehqk",6,"Wednesday",00:34:00,00:45:00,00:55:00,"Wednesday",0,5,2021,00:11:00
105568,"city C",18,3,"wehqk",6,"Wednesday",20:04:00,20:14:00,21:14:00,"Wednesday",0,3,2022,00:10:00
156011,"city B",90,15,"bjdwe",6,"Thursday",03:39:00,03:48:00,05:47:00,"Thursday",0,4,2019,00:09:00
2474,"city A",29.5,5,"acjde",5.9,"Saturday",02:21:00,02:32:00,03:45:00,"Saturday",0,1,2019,00:11:00
93954,"city B",80,14,"bjdwe",5.7,"Wednesday",02:05:00,02:14:00,03:38:00,"Wednesday",0,5,2021,00:09:00
95807,"city C",28.1,5,"wehqk",5.6,"Sunday",04:39:00,04:49:00,05:17:00,"Sunday",0,3,2022,00:10:00
13595,"city B",28,5,"bjdwe",5.6,"Tuesday",01:32:00,01:43:00,01:48:00,"Tuesday",0,5,2020,00:11:00
550,"city B",27.5,5,"bjdwe",5.5,"Saturday",20:14:00,20:25:00,21:34:00,"Saturday",0,4,2019,00:11:00
24920,"city C",16.5,3,"wehqk",5.5,"Monday",20:44:00,20:54:00,21:21:00,"Monday",0,5,2020,00:10:00
157229,"city A",27.5,5,"acjde",5.5,"Tuesday",02:57:00,03:08:00,04:27:00,"Tuesday",0,1,2020,00:11:00
87244,"city C",16.5,3,"wehqk",5.5,"Monday",20:09:00,20:19:00,22:00:00,"Monday",0,3,2022,00:10:00
85535,"city C",11,2,"wehqk",5.5,"Saturday",02:59:00,03:10:00,03:45:00,"Saturday",0,4,2022,00:11:00
22580,"city B",11,2,"bjdwe",5.5,"Thursday",01:04:00,01:15:00,02:11:00,"Thursday",0,5,2019,00:11:00
158147,"city C",16.5,3,"wehqk",5.5,"Sunday",20:29:00,20:39:00,21:12:00,"Sunday",0,3,2022,00:10:00
13526,"city B",11,2,"bjdwe",5.5,"Friday",01:59:00,02:10:00,02:28:00,"Friday",0,3,2020,00:11:00
3201,"city B",27.3,5,"bjdwe",5.5,"Wednesday",20:12:00,20:23:00,22:06:00,"Wednesday",0,5,2020,00:11:00
5538,"city B",27.3,5,"bjdwe",5.5,"Tuesday",01:46:00,01:56:00,03:24:00,"Tuesday",0,4,2020,00:10:00
13567,"city A",27.1,5,"acjde",5.4,"Friday",04:24:00,04:35:00,04:36:00,"Friday",0,1,2020,00:11:00
65433,"city A",26.9,5,"acjde",5.4,"Monday",18:02:00,18:11:00,19:18:00,"Monday",0,1,2022,00:09:00
967,"city A",26.9,5,"acjde",5.4,"Monday",03:10:00,03:19:00,04:06:00,"Monday",0,1,2022,00:09:00
44301,"city B",16,3,"bjdwe",5.3,"Thursday",03:22:00,03:32:00,04:40:00,"Thursday",0,5,2020,00:10:00
95286,"city B",16,3,"bjdwe",5.3,"Thursday",20:23:00,20:32:00,21:15:00,"Thursday",0,3,2021,00:09:00
197628,"city A",16,3,"acjde",5.3,"Saturday",00:39:00,00:50:00,01:06:00,"Saturday",0,1,2019,00:11:00
199817,"city B",16,3,"bjdwe",5.3,"Monday",21:19:00,21:28:00,23:12:00,"Monday",0,3,2020,00:09:00
6710,"city A",16,3,"acjde",5.3,"Tuesday",18:52:00,19:02:00,19:40:00,"Tuesday",0,1,2020,00:10:00
45831,"city A",16,3,"acjde",5.3,"Wednesday",02:14:00,02:24:00,02:37:00,"Wednesday",0,1,2020,00:10:00
82591,"city A",16,3,"acjde",5.3,"Tuesday",04:20:00,04:29:00,06:11:00,"Tuesday",0,1,2022,00:09:00
113304,"city C",16,3,"wehqk",5.3,"Wednesday",21:35:00,21:44:00,22:48:00,"Wednesday",0,5,2020,00:09:00
90330,"city C",16,3,"wehqk",5.3,"Thursday",18:24:00,18:33:00,19:19:00,"Thursday",0,5,2020,00:09:00
14519,"city B",16,3,"bjdwe",5.3,"Sunday",02:13:00,02:24:00,02:33:00,"Sunday",0,5,2022,00:11:00
190419,"city C",16,3,"wehqk",5.3,"Thursday",02:54:00,03:05:00,04:48:00,"Thursday",0,5,2020,00:11:00
42240,"city C",16,3,"wehqk",5.3,"Friday",21:20:00,21:30:00,22:31:00,"Friday",0,4,2019,00:10:00
95286,"city B",16,3,"bjdwe",5.3,"Friday",03:13:00,03:22:00,05:02:00,"Friday",0,3,2021,00:09:00
197628,"city A",16,3,"acjde",5.3,"Thursday",04:15:00,04:25:00,05:31:00,"Thursday",0,1,2019,00:10:00
190419,"city C",16,3,"wehqk",5.3,"Wednesday",20:18:00,20:29:00,22:11:00,"Wednesday",0,3,2020,00:11:00
109447,"city B",16,3,"bjdwe",5.3,"Saturday",20:15:00,20:25:00,22:05:00,"Saturday",0,4,2021,00:10:00
113389,"city B",26.3,5,"bjdwe",5.3,"Tuesday",02:56:00,03:05:00,03:08:00,"Tuesday",0,3,2021,00:09:00
1171,"city C",26.3,5,"wehqk",5.3,"Sunday",02:20:00,02:30:00,02:58:00,"Sunday",0,5,2022,00:10:00
85878,"city C",26,5,"wehqk",5.2,"Sunday",03:45:00,03:54:00,04:29:00,"Sunday",0,4,2021,00:09:00
9874,"city A",26,5,"acjde",5.2,"Sunday",01:06:00,01:16:00,01:20:00,"Sunday",0,1,2021,00:10:00
157562,"city A",10,2,"acjde",5,"Wednesday",02:20:00,02:29:00,02:38:00,"Wednesday",0,1,2019,00:09:00
1376,"city A",10,2,"acjde",5,"Monday",20:14:00,20:24:00,21:26:00,"Monday",0,1,2019,00:10:00
2177,"city A",15,3,"acjde",5,"Tuesday",19:05:00,19:16:00,21:02:00,"Tuesday",0,1,2019,00:11:00
157562,"city A",15,3,"acjde",5,"Sunday",02:04:00,02:15:00,02:30:00,"Sunday",0,1,2019,00:11:00
38890,"city B",70,14,"bjdwe",5,"Tuesday",01:02:00,01:12:00,01:52:00,"Tuesday",0,3,2020,00:10:00
105065,"city B",20.1,5,"bjdwe",4,"Monday",04:23:00,04:33:00,05:13:00,"Monday",0,4,2022,00:10:00
